关键词,主题数标号,主题
进口,0,"0.078*""博会"" + 0.034*""进口"" + 0.023*""全球"" + 0.021*""国家"" + 0.021*""企业"""
进口,1,"0.087*""中国"" + 0.074*""美国"" + 0.036*""产品"" + 0.030*""关税"" + 0.026*""进口"""
进口,2,"0.080*""进口"" + 0.038*""原料"" + 0.029*""跨境"" + 0.027*""俄罗斯"" + 0.022*""电商"""
进口,3,"0.068*""进口"" + 0.055*""美国"" + 0.049*""中国"" + 0.044*""关税"" + 0.042*""实施"""
进口,4,"0.069*""进口"" + 0.064*""中国"" + 0.041*""增长"" + 0.032*""进出口"" + 0.023*""世界"""
进口,5,"0.158*""进口"" + 0.111*""博览会"" + 0.087*""中国"" + 0.068*""国际"" + 0.039*""上海"""
进口,6,"0.089*""进口"" + 0.027*""食品"" + 0.019*""中国"" + 0.014*""时候"" + 0.014*""大家"""
进口,7,"0.061*""进口"" + 0.040*""进口车"" + 0.035*""视频"" + 0.029*""汽车"" + 0.020*""高端"""
进口,8,"0.095*""进口"" + 0.045*""日本"" + 0.042*""抗癌药"" + 0.042*""零关税"" + 0.020*""海关"""
进口,9,"0.096*""进口"" + 0.064*""限时"" + 0.027*""领券"" + 0.023*""新闻"" + 0.016*""货物"""
出口,0,"0.078*""直播"" + 0.054*""出口"" + 0.039*""进出口"" + 0.022*""公司"" + 0.019*""国家"""
出口,1,"0.094*""出口"" + 0.081*""高速公路"" + 0.070*""路况"" + 0.068*""天津"" + 0.025*""方向"""
出口,2,"0.077*""出口"" + 0.062*""没有"" + 0.025*""见到"" + 0.021*""可能"" + 0.019*""地铁"""
出口,3,"0.037*""发生"" + 0.023*""生活"" + 0.023*""隧道"" + 0.021*""注意"" + 0.019*""渴望"""
出口,4,"0.106*""中国"" + 0.071*""美国"" + 0.054*""出口"" + 0.023*""企业"" + 0.023*""经济"""
出口,5,"0.080*""出口"" + 0.057*""超话"" + 0.039*""弟弟"" + 0.028*""伊朗"" + 0.020*""演讲"""
出口,6,"0.059*""出口"" + 0.026*""世界"" + 0.024*""产品"" + 0.020*""没有"" + 0.015*""秘密"""
出口,7,"0.057*""出口"" + 0.056*""收费站"" + 0.034*""视频"" + 0.018*""发现"" + 0.018*""逃生"""
出口,8,"0.024*""觉得"" + 0.022*""车辆"" + 0.020*""音乐"" + 0.016*""车道"" + 0.014*""爱情"""
出口,9,"0.042*""出口"" + 0.024*""路段"" + 0.020*""朋友"" + 0.019*""生产"" + 0.017*""需要"""
进出口,0,"0.070*""进出口"" + 0.056*""中国"" + 0.029*""原产"" + 0.029*""税则"" + 0.029*""关税"""
进出口,1,"0.069*""时间"" + 0.024*""中国"" + 0.024*""贸易"" + 0.024*""成都"" + 0.024*""通关"""
进出口,2,"0.052*""通关"" + 0.052*""小时"" + 0.052*""旅客"" + 0.052*""成都"" + 0.052*""国际"""
进出口,3,"0.053*""生产"" + 0.028*""进出口"" + 0.028*""公司"" + 0.028*""银行业"" + 0.028*""贵港"""
进出口,4,"0.047*""进出口"" + 0.024*""企业"" + 0.024*""中国"" + 0.024*""扩大"" + 0.024*""犀牛"""
进出口,5,"0.048*""中国"" + 0.048*""进出口"" + 0.032*""企业"" + 0.032*""国际"" + 0.017*""贸易"""
进出口,6,"0.044*""新闻"" + 0.044*""记者"" + 0.044*""有关"" + 0.044*""发布会"" + 0.044*""情况"""
进出口,7,"0.032*""中国"" + 0.032*""防范"" + 0.032*""旅客"" + 0.032*""辖区"" + 0.032*""保山"""
进出口,8,"0.045*""进出口"" + 0.045*""服务"" + 0.023*""企业"" + 0.023*""出口"" + 0.023*""通知"""
进出口,9,"0.053*""服务"" + 0.036*""通关"" + 0.036*""成都"" + 0.036*""英国"" + 0.036*""进出口"""
关税,0,"0.109*""关税"" + 0.043*""美国"" + 0.021*""中国"" + 0.019*""市场"" + 0.019*""时间"""
关税,1,"0.066*""关税"" + 0.044*""中国"" + 0.036*""美国"" + 0.026*""大豆"" + 0.022*""应该"""
关税,2,"0.067*""关税"" + 0.050*""问题"" + 0.043*""美国"" + 0.043*""共识"" + 0.036*""中国"""
关税,3,"0.136*""关税"" + 0.115*""加征"" + 0.109*""中国"" + 0.083*""美国"" + 0.047*""商品"""
关税,4,"0.073*""关税"" + 0.063*""达成"" + 0.053*""中国"" + 0.048*""美国"" + 0.035*""经贸"""
关税,5,"0.088*""美国"" + 0.070*""贸易"" + 0.067*""关税"" + 0.055*""企业"" + 0.051*""中国"""
关税,6,"0.085*""停止"" + 0.069*""关税"" + 0.043*""美国"" + 0.033*""国家"" + 0.029*""中国"""
关税,7,"0.084*""美国"" + 0.056*""中国"" + 0.047*""关税"" + 0.032*""贸易"" + 0.029*""苹果"""
关税,8,"0.119*""关税"" + 0.109*""美国"" + 0.057*""中国"" + 0.036*""贸易"" + 0.035*""汽车"""
关税,9,"0.054*""关税"" + 0.036*""土耳其"" + 0.030*""部分"" + 0.029*""美国"" + 0.023*""市场"""
外贸,0,"0.096*""外贸"" + 0.032*""计划"" + 0.019*""中国"" + 0.015*""电商"" + 0.014*""无法"""
外贸,1,"0.044*""工作"" + 0.038*""仓库"" + 0.027*""外贸"" + 0.023*""中央"" + 0.016*""鼓掌"""
外贸,2,"0.084*""外贸"" + 0.019*""物流"" + 0.019*""开心"" + 0.018*""点击"" + 0.013*""预计"""
外贸,3,"0.101*""外贸"" + 0.023*""经济"" + 0.017*""中国"" + 0.013*""国际"" + 0.013*""订单"""
外贸,4,"0.059*""外贸"" + 0.045*""中国"" + 0.018*""学院"" + 0.017*""总额"" + 0.016*""贸易"""
外贸,5,"0.024*""商业"" + 0.022*""外贸"" + 0.021*""经济"" + 0.019*""企业"" + 0.016*""工作"""
外贸,6,"0.043*""外贸"" + 0.036*""数字化"" + 0.024*""服务"" + 0.020*""会议"" + 0.017*""跨境"""
外贸,7,"0.030*""外贸"" + 0.021*""工厂"" + 0.016*""销售"" + 0.016*""宁波"" + 0.015*""客户"""
外贸,8,"0.064*""外贸"" + 0.041*""经济"" + 0.024*""增长"" + 0.017*""环境"" + 0.017*""开放"""
外贸,9,"0.034*""预期"" + 0.024*""外贸"" + 0.023*""经济运行"" + 0.021*""全省"" + 0.017*""保持"""
进口壁垒,0,"0.083*""美国"" + 0.083*""关税"" + 0.083*""产品"" + 0.083*""钢铝"" + 0.083*""南洋"""
进口壁垒,1,"0.083*""美国"" + 0.083*""产品"" + 0.083*""关税"" + 0.083*""行业"" + 0.083*""南洋"""
进口壁垒,2,"0.083*""产品"" + 0.083*""关税"" + 0.083*""美国"" + 0.083*""钢铝"" + 0.083*""行业"""
进口壁垒,3,"0.177*""美国"" + 0.177*""关税"" + 0.177*""征收"" + 0.177*""产品"" + 0.177*""钢铝"""
进口壁垒,4,"0.083*""关税"" + 0.083*""产品"" + 0.083*""美国"" + 0.083*""农民"" + 0.083*""行业"""
进口壁垒,5,"0.083*""美国"" + 0.083*""关税"" + 0.083*""产品"" + 0.083*""钢铝"" + 0.083*""农民"""
进口壁垒,6,"0.083*""关税"" + 0.083*""美国"" + 0.083*""产品"" + 0.083*""钢铝"" + 0.083*""用户"""
进口壁垒,7,"0.083*""产品"" + 0.083*""关税"" + 0.083*""美国"" + 0.083*""钢铝"" + 0.083*""农民"""
进口壁垒,8,"0.177*""密封"" + 0.177*""进口"" + 0.177*""产品"" + 0.177*""用户"" + 0.177*""行业"""
进口壁垒,9,"0.177*""过程中将"" + 0.177*""南洋"" + 0.177*""美国"" + 0.177*""关税"" + 0.177*""农民"""
政府补贴,0,"0.035*""补贴"" + 0.033*""政府"" + 0.026*""新能源"" + 0.020*""公司"" + 0.020*""汽车"""
政府补贴,1,"0.067*""补贴"" + 0.021*""政策"" + 0.017*""家庭"" + 0.017*""政府"" + 0.014*""汽车"""
政府补贴,2,"0.053*""补贴"" + 0.024*""政府"" + 0.014*""企业"" + 0.008*""中国"" + 0.008*""汽车"""
政府补贴,3,"0.051*""补贴"" + 0.023*""政府"" + 0.010*""成本"" + 0.010*""企业"" + 0.008*""公司"""
政府补贴,4,"0.082*""补贴"" + 0.047*""政府"" + 0.023*""美国"" + 0.013*""中国"" + 0.013*""企业"""
政府补贴,5,"0.056*""政府"" + 0.054*""补贴"" + 0.012*""没有"" + 0.011*""汽车"" + 0.008*""发展"""
政府补贴,6,"0.030*""政府"" + 0.030*""补贴"" + 0.012*""中国"" + 0.011*""居民"" + 0.009*""建议"""
政府补贴,7,"0.034*""补贴"" + 0.018*""中国"" + 0.009*""电梯"" + 0.008*""退市"" + 0.007*""建筑"""
政府补贴,8,"0.027*""补贴"" + 0.021*""政府"" + 0.017*""生育"" + 0.013*""日本"" + 0.009*""人口"""
政府补贴,9,"0.048*""补贴"" + 0.041*""政府"" + 0.010*""孩子"" + 0.010*""缴费"" + 0.010*""标准"""
世贸组织,0,"0.106*""中国"" + 0.052*""美国"" + 0.037*""加入"" + 0.024*""争端"" + 0.021*""世界"""
世贸组织,1,"0.071*""中国"" + 0.029*""规则"" + 0.021*""美国"" + 0.016*""成员"" + 0.013*""贸易"""
世贸组织,2,"0.089*""美国"" + 0.053*""贸易"" + 0.044*""中国"" + 0.019*""退出"" + 0.019*""规则"""
世贸组织,3,"0.053*""美国"" + 0.041*""措施"" + 0.035*""没有"" + 0.029*""中国"" + 0.029*""征税"""
世贸组织,4,"0.082*""中国"" + 0.075*""美国"" + 0.042*""征税"" + 0.041*""措施"" + 0.039*""起诉"""
世贸组织,5,"0.040*""中国"" + 0.032*""解决"" + 0.029*""全民"" + 0.029*""一幕幕"" + 0.027*""青春"""
世贸组织,6,"0.084*""中国"" + 0.040*""美国"" + 0.028*""全球"" + 0.028*""贸易"" + 0.026*""经济"""
世贸组织,7,"0.037*""中国"" + 0.029*""美国"" + 0.024*""征税"" + 0.024*""措施"" + 0.021*""改革"""
世贸组织,8,"0.062*""中国"" + 0.051*""美国"" + 0.031*""体制"" + 0.026*""规则"" + 0.023*""发展"""
世贸组织,9,"0.052*""中国"" + 0.040*""贸易"" + 0.025*""表示"" + 0.019*""美国"" + 0.019*""措施"""
世界贸易组织,0,"0.040*""中国"" + 0.033*""经济"" + 0.027*""全球"" + 0.027*""世界"" + 0.020*""贸易"""
世界贸易组织,1,"0.022*""中国"" + 0.018*""改革"" + 0.018*""峰会"" + 0.015*""加入"" + 0.015*""规则"""
世界贸易组织,2,"0.044*""中国"" + 0.041*""美国"" + 0.019*""贸易"" + 0.019*""全球"" + 0.019*""报告"""
世界贸易组织,3,"0.106*""美国"" + 0.076*""中国"" + 0.039*""贸易"" + 0.024*""退出"" + 0.012*""吃亏"""
世界贸易组织,4,"0.058*""中国"" + 0.036*""美国"" + 0.029*""贸易"" + 0.029*""改革"" + 0.021*""规则"""
世界贸易组织,5,"0.021*""改革"" + 0.019*""美国"" + 0.019*""全球"" + 0.019*""国家"" + 0.019*""欧洲"""
世界贸易组织,6,"0.060*""美国"" + 0.041*""中国"" + 0.037*""贸易"" + 0.030*""表示"" + 0.026*""退出"""
世界贸易组织,7,"0.063*""美国"" + 0.055*""贸易"" + 0.024*""国家"" + 0.016*""吃亏"" + 0.016*""退出"""
世界贸易组织,8,"0.070*""中国"" + 0.065*""美国"" + 0.027*""贸易"" + 0.022*""退出"" + 0.022*""企业"""
世界贸易组织,9,"0.105*""中国"" + 0.060*""经济"" + 0.033*""贸易"" + 0.030*""美国"" + 0.030*""世界"""
贸易条约,0,"0.074*""美国"" + 0.074*""要求"" + 0.074*""提出"" + 0.074*""中国"" + 0.074*""不得"""
贸易条约,1,"0.138*""条约"" + 0.070*""贸易"" + 0.037*""协议"" + 0.037*""改善"" + 0.037*""改进"""
贸易条约,2,"0.089*""契约"" + 0.089*""美国"" + 0.060*""退出"" + 0.060*""国际"" + 0.032*""法律"""
贸易条约,3,"0.044*""政府"" + 0.044*""合作"" + 0.044*""国家"" + 0.044*""时代"" + 0.044*""古巴"""
贸易条约,4,"0.056*""美国"" + 0.056*""中国"" + 0.056*""有关"" + 0.056*""磋商"" + 0.056*""提出"""
贸易条约,5,"0.056*""日本"" + 0.056*""股评家"" + 0.056*""组织"" + 0.056*""不能"" + 0.056*""俄罗斯"""
贸易条约,6,"0.059*""规则"" + 0.059*""措施"" + 0.059*""承诺"" + 0.059*""中国"" + 0.059*""韩国"""
贸易条约,7,"0.074*""条约"" + 0.074*""违背"" + 0.074*""规定"" + 0.074*""行为"" + 0.074*""政府"""
贸易条约,8,"0.060*""美国"" + 0.060*""总统"" + 0.060*""协定"" + 0.032*""问题"" + 0.032*""时期"""
贸易条约,9,"0.044*""条约"" + 0.044*""美国"" + 0.044*""文章"" + 0.044*""用于"" + 0.044*""问题"""
贸易协定,0,"0.089*""美国"" + 0.071*""贸易"" + 0.029*""中国"" + 0.015*""协定"" + 0.014*""退出"""
贸易协定,1,"0.057*""加拿大"" + 0.056*""美国"" + 0.025*""墨西哥"" + 0.025*""达成"" + 0.024*""贸易"""
贸易协定,2,"0.060*""美国"" + 0.037*""达成"" + 0.031*""加拿大"" + 0.031*""贸易"" + 0.025*""协定"""
贸易协定,3,"0.086*""美国"" + 0.046*""协定"" + 0.043*""加拿大"" + 0.041*""谈判"" + 0.027*""达成"""
贸易协定,4,"0.026*""贸易"" + 0.026*""签署"" + 0.020*""中国"" + 0.020*""国家"" + 0.017*""协议"""
贸易协定,5,"0.037*""中国"" + 0.017*""美国"" + 0.017*""贸易"" + 0.016*""加拿大"" + 0.013*""推动"""
贸易协定,6,"0.056*""美国"" + 0.049*""谈判"" + 0.044*""协定"" + 0.031*""贸易"" + 0.026*""中国"""
贸易协定,7,"0.069*""美国"" + 0.031*""中国"" + 0.030*""加拿大"" + 0.027*""经济"" + 0.025*""贸易"""
贸易协定,8,"0.064*""加拿大"" + 0.064*""美国"" + 0.053*""墨西哥"" + 0.046*""贸易"" + 0.037*""达成"""
贸易协定,9,"0.052*""协议"" + 0.034*""贸易"" + 0.032*""墨西哥"" + 0.029*""加拿大"" + 0.022*""签署"""
贸易政策,0,"0.044*""经济"" + 0.025*""中国"" + 0.015*""增长"" + 0.015*""可能"" + 0.014*""贸易"""
贸易政策,1,"0.039*""贸易"" + 0.036*""政策"" + 0.032*""中国"" + 0.022*""美国"" + 0.015*""问题"""
贸易政策,2,"0.038*""美国"" + 0.030*""中国"" + 0.027*""国家"" + 0.026*""贸易"" + 0.014*""海南"""
贸易政策,3,"0.078*""政策"" + 0.069*""贸易"" + 0.049*""中国"" + 0.028*""经济"" + 0.023*""美国"""
贸易政策,4,"0.072*""贸易"" + 0.039*""美国"" + 0.035*""中国"" + 0.028*""经济"" + 0.019*""政策"""
贸易政策,5,"0.057*""美国"" + 0.037*""贸易"" + 0.024*""政策"" + 0.015*""中国"" + 0.013*""人民币"""
贸易政策,6,"0.080*""美国"" + 0.065*""贸易"" + 0.059*""政策"" + 0.049*""经济"" + 0.029*""中国"""
贸易政策,7,"0.039*""政策"" + 0.037*""中国"" + 0.016*""贸易"" + 0.016*""货币政策"" + 0.013*""美国"""
贸易政策,8,"0.077*""美国"" + 0.043*""政策"" + 0.041*""贸易"" + 0.039*""中国"" + 0.025*""经济"""
贸易政策,9,"0.039*""政策"" + 0.035*""贸易"" + 0.028*""经济"" + 0.026*""美国"" + 0.025*""可能"""
贸易法,0,"0.121*""关税"" + 0.064*""中国"" + 0.064*""美国"" + 0.064*""贸易"" + 0.064*""代表"""
贸易法,1,"0.089*""条款"" + 0.089*""就业机会"" + 0.089*""失去"" + 0.089*""钢铝"" + 0.089*""生产"""
贸易法,2,"0.049*""中国"" + 0.049*""采取"" + 0.049*""方面"" + 0.049*""征税"" + 0.049*""资本"""
贸易法,3,"0.137*""美国"" + 0.083*""中国"" + 0.056*""调查"" + 0.056*""对华贸易"" + 0.056*""贸易"""
贸易法,4,"0.089*""主打"" + 0.089*""比赛"" + 0.089*""知识"" + 0.089*""认为"" + 0.089*""贸易法"""
贸易法,5,"0.089*""贸易"" + 0.089*""报名条件"" + 0.089*""英国"" + 0.089*""雇佣"" + 0.089*""律师"""
贸易法,6,"0.139*""美国"" + 0.094*""调查"" + 0.094*""中国"" + 0.049*""知识产权"" + 0.049*""可见"""
贸易法,7,"0.127*""贸易"" + 0.127*""美国"" + 0.127*""中国"" + 0.034*""采取"" + 0.034*""大陆"""
贸易法,8,"0.064*""中国"" + 0.064*""采取"" + 0.064*""贸易"" + 0.064*""方面"" + 0.064*""征税"""
贸易法,9,"0.150*""条款"" + 0.114*""行动"" + 0.114*""发表"" + 0.114*""代表"" + 0.114*""采取"""
多哈回合,0,"0.063*""回合"" + 0.063*""南美"" + 0.063*""鏖战"" + 0.063*""问题"" + 0.063*""比赛"""
多哈回合,1,"0.063*""回合"" + 0.063*""南美"" + 0.063*""鏖战"" + 0.063*""比赛"" + 0.062*""决赛"""
多哈回合,2,"0.063*""回合"" + 0.063*""南美"" + 0.063*""比赛"" + 0.063*""问题"" + 0.063*""决赛"""
多哈回合,3,"0.063*""回合"" + 0.063*""南美"" + 0.063*""比赛"" + 0.063*""鏖战"" + 0.062*""区次"""
多哈回合,4,"0.063*""回合"" + 0.063*""南美"" + 0.063*""鏖战"" + 0.063*""比赛"" + 0.063*""问题"""
多哈回合,5,"0.181*""回合"" + 0.095*""半决赛"" + 0.095*""认为"" + 0.095*""率领"" + 0.095*""南美"""
多哈回合,6,"0.063*""回合"" + 0.063*""南美"" + 0.063*""比赛"" + 0.063*""率领"" + 0.062*""面对"""
多哈回合,7,"0.063*""回合"" + 0.063*""南美"" + 0.063*""比赛"" + 0.063*""鏖战"" + 0.063*""区次"""
多哈回合,8,"0.181*""回合"" + 0.095*""学文"" + 0.095*""俱乐"" + 0.095*""南美"" + 0.095*""希望"""
多哈回合,9,"0.063*""回合"" + 0.063*""南美"" + 0.063*""比赛"" + 0.063*""决赛"" + 0.063*""问题"""
乌拉圭回合,0,"0.200*""乌拉圭"" + 0.200*""贸易谈判"" + 0.200*""回合"" + 0.200*""结束"" + 0.200*""谈判"""
乌拉圭回合,1,"0.200*""乌拉圭"" + 0.200*""贸易谈判"" + 0.200*""结束"" + 0.200*""谈判"" + 0.200*""回合"""
乌拉圭回合,2,"0.200*""乌拉圭"" + 0.200*""回合"" + 0.200*""谈判"" + 0.200*""结束"" + 0.200*""贸易谈判"""
乌拉圭回合,3,"0.200*""结束"" + 0.200*""乌拉圭"" + 0.200*""谈判"" + 0.200*""回合"" + 0.200*""贸易谈判"""
乌拉圭回合,4,"0.200*""回合"" + 0.200*""结束"" + 0.200*""谈判"" + 0.200*""乌拉圭"" + 0.200*""贸易谈判"""
乌拉圭回合,5,"0.200*""回合"" + 0.200*""贸易谈判"" + 0.200*""谈判"" + 0.200*""结束"" + 0.200*""乌拉圭"""
乌拉圭回合,6,"0.200*""谈判"" + 0.200*""贸易谈判"" + 0.200*""回合"" + 0.200*""结束"" + 0.200*""乌拉圭"""
乌拉圭回合,7,"0.200*""乌拉圭"" + 0.200*""结束"" + 0.200*""贸易谈判"" + 0.200*""回合"" + 0.200*""谈判"""
乌拉圭回合,8,"0.200*""乌拉圭"" + 0.200*""贸易谈判"" + 0.200*""结束"" + 0.200*""回合"" + 0.200*""谈判"""
乌拉圭回合,9,"0.200*""贸易谈判"" + 0.200*""结束"" + 0.200*""回合"" + 0.200*""乌拉圭"" + 0.200*""谈判"""
倾销,0,"0.053*""反倾销"" + 0.044*""中国"" + 0.039*""调查"" + 0.025*""征收"" + 0.020*""发起"""
倾销,1,"0.042*""倾销"" + 0.036*""美国"" + 0.030*""中国"" + 0.030*""反倾销"" + 0.013*""调查"""
倾销,2,"0.025*""中国"" + 0.019*""倾销"" + 0.019*""美国"" + 0.019*""发布"" + 0.019*""低价"""
倾销,3,"0.054*""中国"" + 0.035*""美国"" + 0.030*""市场"" + 0.025*""反倾销"" + 0.020*""措施"""
倾销,4,"0.059*""反倾销"" + 0.041*""调查"" + 0.041*""中国"" + 0.036*""贸易"" + 0.032*""措施"""
倾销,5,"0.059*""中国"" + 0.056*""反倾销"" + 0.034*""发起"" + 0.034*""调查"" + 0.023*""产品"""
倾销,6,"0.058*""中国"" + 0.026*""反倾销"" + 0.026*""美国"" + 0.016*""产品"" + 0.016*""产业"""
倾销,7,"0.054*""反倾销"" + 0.030*""措施"" + 0.025*""调查"" + 0.016*""中国"" + 0.016*""美国"""
倾销,8,"0.075*""中国"" + 0.035*""调查"" + 0.024*""措施"" + 0.024*""倾销"" + 0.021*""反倾销"""
倾销,9,"0.032*""中国"" + 0.027*""反倾销"" + 0.022*""美国"" + 0.016*""产品"" + 0.016*""调查"""
不公平竞争,0,"0.035*""中国"" + 0.026*""教育"" + 0.018*""乡村"" + 0.018*""公平"" + 0.018*""孩子"""
不公平竞争,1,"0.033*""公平"" + 0.025*""竞争"" + 0.025*""美国"" + 0.017*""中国"" + 0.017*""贸易"""
不公平竞争,2,"0.025*""中国"" + 0.017*""美国"" + 0.017*""补贴"" + 0.017*""竞争对手"" + 0.009*""出口"""
不公平竞争,3,"0.033*""美国"" + 0.023*""公平"" + 0.023*""中国"" + 0.023*""大量"" + 0.023*""竞争"""
不公平竞争,4,"0.037*""竞争"" + 0.025*""造成"" + 0.025*""美国"" + 0.025*""公平"" + 0.013*""汇率"""
不公平竞争,5,"0.025*""竞争"" + 0.017*""产品"" + 0.017*""大量"" + 0.017*""房屋"" + 0.017*""租不起"""
不公平竞争,6,"0.023*""中国"" + 0.023*""政商"" + 0.012*""美国"" + 0.012*""没有"" + 0.012*""行动"""
不公平竞争,7,"0.034*""中国"" + 0.023*""应该"" + 0.023*""影响"" + 0.023*""没有"" + 0.012*""竞争"""
不公平竞争,8,"0.050*""中国"" + 0.043*""美国"" + 0.029*""公平"" + 0.022*""经济"" + 0.015*""竞争"""
不公平竞争,9,"0.063*""公平"" + 0.043*""竞争"" + 0.011*""经济"" + 0.011*""引发"" + 0.011*""开始"""
不公平补贴,0,"0.139*""驻外"" + 0.139*""桃儿"" + 0.139*""买车"" + 0.139*""北京"" + 0.139*""单位"""
不公平补贴,1,"0.139*""南大"" + 0.139*""还有"" + 0.139*""同学"" + 0.139*""维权"" + 0.139*""不想"""
不公平补贴,2,"0.034*""公平"" + 0.034*""贸易"" + 0.034*""行为"" + 0.034*""伙伴"" + 0.034*""扭曲"""
不公平补贴,3,"0.139*""公平"" + 0.139*""支付"" + 0.139*""本质"" + 0.139*""民众"" + 0.139*""补贴"""
不公平补贴,4,"0.034*""公平"" + 0.034*""伙伴"" + 0.034*""行为"" + 0.034*""贸易"" + 0.034*""扭曲"""
不公平补贴,5,"0.139*""员工"" + 0.139*""负数"" + 0.139*""辍学"" + 0.139*""女孩"" + 0.139*""打工"""
不公平补贴,6,"0.139*""富人"" + 0.139*""家庭"" + 0.139*""穷人"" + 0.139*""银行"" + 0.139*""金融"""
不公平补贴,7,"0.034*""伙伴"" + 0.034*""公平"" + 0.034*""贸易"" + 0.034*""行为"" + 0.034*""单位"""
不公平补贴,8,"0.163*""公平"" + 0.163*""扭曲"" + 0.163*""行为"" + 0.163*""伙伴"" + 0.163*""贸易"""
不公平补贴,9,"0.034*""公平"" + 0.034*""贸易"" + 0.034*""伙伴"" + 0.034*""扭曲"" + 0.034*""行为"""
贸易战,0,"0.133*""中国"" + 0.111*""美国"" + 0.048*""贸易"" + 0.024*""问题"" + 0.023*""经济"""
贸易战,1,"0.059*""美国"" + 0.058*""中国"" + 0.025*""国家"" + 0.018*""可能"" + 0.017*""需要"""
贸易战,2,"0.058*""中国"" + 0.046*""美国"" + 0.026*""经济"" + 0.021*""投资"" + 0.019*""全球"""
贸易战,3,"0.059*""中国"" + 0.044*""美国"" + 0.032*""企业"" + 0.029*""日本"" + 0.022*""影响"""
贸易战,4,"0.055*""中国"" + 0.044*""经济"" + 0.028*""美国"" + 0.024*""金融"" + 0.021*""中美"""
贸易战,5,"0.047*""美国"" + 0.042*""中国"" + 0.027*""经济"" + 0.024*""世界"" + 0.017*""利益"""
贸易战,6,"0.069*""中国"" + 0.050*""美国"" + 0.039*""股市"" + 0.026*""人民币"" + 0.025*""市场"""
贸易战,7,"0.025*""中国"" + 0.024*""没有"" + 0.022*""结束"" + 0.019*""市场"" + 0.018*""预期"""
贸易战,8,"0.070*""文章"" + 0.051*""头条"" + 0.043*""美国"" + 0.026*""中国"" + 0.024*""发布"""
贸易战,9,"0.032*""双方"" + 0.026*""中美"" + 0.024*""汇率"" + 0.019*""风险"" + 0.016*""谈判"""
贸易摩擦,0,"0.132*""贸易"" + 0.123*""年度"" + 0.120*""摩擦"" + 0.062*""揭晓"" + 0.049*""升级"""
贸易摩擦,1,"0.101*""市场"" + 0.046*""经济"" + 0.042*""特色"" + 0.030*""当选"" + 0.026*""大国"""
贸易摩擦,2,"0.094*""经济"" + 0.077*""全球"" + 0.025*""先生"" + 0.025*""知道"" + 0.025*""科技"""
贸易摩擦,3,"0.086*""贸易"" + 0.084*""摩擦"" + 0.051*""产生"" + 0.029*""制造业"" + 0.027*""发生"""
贸易摩擦,4,"0.072*""贸易"" + 0.057*""投资"" + 0.056*""试验区"" + 0.056*""提升"" + 0.029*""行业"""
贸易摩擦,5,"0.128*""中国"" + 0.076*""贸易"" + 0.067*""摩擦"" + 0.064*""美国"" + 0.062*""经济"""
贸易摩擦,6,"0.091*""经济"" + 0.088*""贸易"" + 0.061*""中国"" + 0.058*""摩擦"" + 0.021*""市场"""
贸易摩擦,7,"0.095*""企业"" + 0.054*""风险"" + 0.049*""下滑"" + 0.026*""不会"" + 0.025*""港股"""
贸易摩擦,8,"0.089*""贸易"" + 0.076*""全球"" + 0.036*""摩擦"" + 0.033*""年度"" + 0.030*""市场"""
贸易摩擦,9,"0.068*""中国"" + 0.064*""盘点"" + 0.042*""贸易"" + 0.040*""揭晓"" + 0.033*""投资者"""
减税,0,"0.045*""延续"" + 0.037*""减税"" + 0.033*""降准"" + 0.025*""认为"" + 0.024*""有望"""
减税,1,"0.077*""方法"" + 0.039*""经济"" + 0.037*""活力"" + 0.025*""下行"" + 0.024*""记者"""
减税,2,"0.114*""减税"" + 0.055*""经济"" + 0.051*""支持"" + 0.037*""政策"" + 0.032*""降费"""
减税,3,"0.136*""减税"" + 0.095*""降费"" + 0.053*""年终奖"" + 0.036*""实施"" + 0.025*""幅度"""
减税,4,"0.072*""减税"" + 0.034*""收入"" + 0.024*""基金"" + 0.024*""美国"" + 0.023*""月入"""
减税,5,"0.082*""减税"" + 0.044*""政府"" + 0.028*""降费"" + 0.024*""意味着"" + 0.023*""财经"""
减税,6,"0.043*""减税"" + 0.041*""建立"" + 0.029*""官方"" + 0.027*""看到"" + 0.019*""民营企业"""
减税,7,"0.096*""扣除"" + 0.091*""专项"" + 0.082*""附加"" + 0.052*""减税"" + 0.044*""地方"""
减税,8,"0.053*""减税"" + 0.046*""力度"" + 0.044*""提高"" + 0.037*""国税"" + 0.033*""改革"""
减税,9,"0.042*""适用"" + 0.038*""税率"" + 0.035*""先生"" + 0.035*""猜想"" + 0.033*""中央"""
降税,0,"0.042*""抗癌药"" + 0.031*""降税"" + 0.019*""降价"" + 0.019*""推动"" + 0.019*""企业"""
降税,1,"0.057*""降税"" + 0.023*""工资"" + 0.017*""新政"" + 0.017*""缴纳"" + 0.012*""经济"""
降税,2,"0.112*""降税"" + 0.018*""汽车"" + 0.014*""中国"" + 0.011*""提升"" + 0.011*""全面"""
降税,3,"0.027*""经济"" + 0.027*""企业"" + 0.017*""政策"" + 0.011*""降税"" + 0.011*""可能"""
降税,4,"0.069*""降税"" + 0.042*""企业"" + 0.031*""抗癌药"" + 0.023*""合理"" + 0.019*""经济"""
降税,5,"0.050*""抗癌药"" + 0.043*""降价"" + 0.033*""目录"" + 0.030*""药品"" + 0.030*""谈判"""
降税,6,"0.038*""谈判"" + 0.034*""降税"" + 0.034*""目录"" + 0.024*""合理"" + 0.024*""企业"""
降税,7,"0.020*""企业"" + 0.020*""税收"" + 0.014*""报告"" + 0.014*""美国"" + 0.014*""应该"""
降税,8,"0.043*""抗癌药"" + 0.036*""降税"" + 0.028*""加快"" + 0.022*""推动"" + 0.021*""国家"""
降税,9,"0.031*""降税"" + 0.016*""集中"" + 0.016*""投资"" + 0.016*""采购"" + 0.011*""汽车"""
税改,0,"0.013*""经济"" + 0.013*""税收"" + 0.010*""全球"" + 0.010*""详情请"" + 0.010*""股东"""
税改,1,"0.047*""美国"" + 0.019*""计划"" + 0.016*""汇回"" + 0.016*""公司"" + 0.016*""企业"""
税改,2,"0.064*""美国"" + 0.029*""经济"" + 0.016*""增长"" + 0.014*""公司"" + 0.014*""回购"""
税改,3,"0.020*""草案"" + 0.010*""支出"" + 0.010*""改革"" + 0.010*""税务"" + 0.010*""专业"""
税改,4,"0.053*""美国"" + 0.026*""经济"" + 0.018*""公司"" + 0.012*""扣除"" + 0.012*""认为"""
税改,5,"0.018*""全球"" + 0.018*""美国"" + 0.015*""市场"" + 0.012*""退休"" + 0.012*""宣布"""
税改,6,"0.014*""美国"" + 0.014*""华尔街"" + 0.014*""企业"" + 0.011*""征收"" + 0.011*""投资"""
税改,7,"0.033*""美国"" + 0.028*""企业"" + 0.014*""中国"" + 0.011*""经济"" + 0.008*""定额"""
税改,8,"0.032*""有关"" + 0.029*""税收"" + 0.026*""工作"" + 0.023*""做好"" + 0.023*""纳税人"""
税改,9,"0.048*""美国"" + 0.029*""经济"" + 0.014*""市场"" + 0.011*""苹果"" + 0.011*""现金"""
增值税,0,"0.041*""增值税"" + 0.040*""企业"" + 0.021*""文章"" + 0.017*""头条"" + 0.014*""所得税"""
增值税,1,"0.095*""增值税"" + 0.022*""税率"" + 0.013*""事项"" + 0.013*""办税"" + 0.011*""虚开"""
增值税,2,"0.037*""增值税"" + 0.011*""中国"" + 0.011*""改革"" + 0.011*""发票"" + 0.011*""企业"""
增值税,3,"0.061*""增值税"" + 0.026*""税收"" + 0.021*""企业"" + 0.018*""专用发票"" + 0.013*""改革"""
增值税,4,"0.048*""增值税"" + 0.022*""企业"" + 0.018*""税额"" + 0.016*""留抵"" + 0.013*""中国"""
增值税,5,"0.106*""增值税"" + 0.044*""发票"" + 0.028*""企业"" + 0.015*""开具"" + 0.014*""专用发票"""
增值税,6,"0.130*""增值税"" + 0.021*""企业"" + 0.020*""纳税人"" + 0.016*""发票"" + 0.015*""税率"""
增值税,7,"0.074*""增值税"" + 0.050*""税率"" + 0.034*""企业"" + 0.015*""文章"" + 0.012*""纳税人"""
增值税,8,"0.036*""增值税"" + 0.015*""纳税人"" + 0.012*""收入"" + 0.011*""税率"" + 0.011*""发展"""
增值税,9,"0.065*""增值税"" + 0.049*""企业"" + 0.022*""发票"" + 0.016*""文章"" + 0.015*""头条"""
个人所得税,0,"0.040*""年终奖"" + 0.034*""利息"" + 0.028*""计算"" + 0.024*""奖金"" + 0.020*""套房"""
个人所得税,1,"0.163*""专项"" + 0.161*""扣除"" + 0.152*""附加"" + 0.052*""办法"" + 0.041*""报送"""
个人所得税,2,"0.087*""扣除"" + 0.073*""附加"" + 0.054*""专项"" + 0.042*""填报"" + 0.037*""信息"""
个人所得税,3,"0.062*""奖金"" + 0.056*""通知"" + 0.056*""计算"" + 0.056*""年终奖"" + 0.053*""个人"""
个人所得税,4,"0.045*""税务系统"" + 0.035*""政策"" + 0.033*""综合"" + 0.033*""取得"" + 0.023*""所得"""
个人所得税,5,"0.045*""所得"" + 0.044*""个人"" + 0.034*""扣缴"" + 0.028*""提高"" + 0.023*""问题"""
个人所得税,6,"0.094*""专项"" + 0.092*""扣除"" + 0.081*""附加"" + 0.033*""填报"" + 0.027*""全国"""
个人所得税,7,"0.097*""扣除"" + 0.087*""附加"" + 0.072*""专项"" + 0.042*""赡养"" + 0.036*""继续"""
个人所得税,8,"0.039*""注册"" + 0.027*""衔接"" + 0.027*""有关"" + 0.023*""头条"" + 0.023*""文章"""
个人所得税,9,"0.088*""扣除"" + 0.088*""附加"" + 0.078*""专项"" + 0.069*""税务"" + 0.069*""部门"""
企业所得税,0,"0.086*""企业"" + 0.026*""纳税"" + 0.021*""申报表"" + 0.021*""扣除"" + 0.021*""年度"""
企业所得税,1,"0.079*""企业"" + 0.056*""事项"" + 0.047*""办理"" + 0.047*""办税"" + 0.038*""所得税"""
企业所得税,2,"0.071*""企业"" + 0.065*""所得税"" + 0.029*""税率"" + 0.023*""扣除"" + 0.021*""纳税"""
企业所得税,3,"0.053*""企业"" + 0.027*""所得税"" + 0.027*""高新技术"" + 0.027*""公司"" + 0.018*""会计"""
企业所得税,4,"0.100*""所得税"" + 0.092*""企业"" + 0.025*""纳税"" + 0.021*""年度"" + 0.017*""汇算"""
企业所得税,5,"0.049*""所得税"" + 0.044*""企业"" + 0.030*""纳税"" + 0.030*""扣除"" + 0.030*""费用"""
企业所得税,6,"0.164*""企业"" + 0.138*""所得税"" + 0.043*""扣除"" + 0.019*""申报表"" + 0.017*""纳税"""
企业所得税,7,"0.080*""所得税"" + 0.041*""企业"" + 0.031*""会计"" + 0.021*""知识点"" + 0.011*""纳税"""
企业所得税,8,"0.030*""凭证"" + 0.020*""扣除"" + 0.020*""项目"" + 0.011*""所得税"" + 0.011*""企业"""
企业所得税,9,"0.143*""企业"" + 0.064*""所得税"" + 0.034*""纳税"" + 0.027*""政策"" + 0.023*""微利"""
税率,0,"0.055*""工资"" + 0.044*""薪金"" + 0.034*""执行"" + 0.030*""纳税人"" + 0.022*""月份"""
税率,1,"0.022*""税率"" + 0.019*""纳税"" + 0.013*""中国"" + 0.012*""修改"" + 0.011*""增加"""
税率,2,"0.096*""税率"" + 0.018*""文章"" + 0.016*""征收"" + 0.014*""头条"" + 0.012*""个税"""
税率,3,"0.057*""税率"" + 0.013*""购置税"" + 0.013*""车辆"" + 0.012*""规定"" + 0.009*""文章"""
税率,4,"0.071*""税率"" + 0.021*""起征点"" + 0.015*""决定"" + 0.014*""调整"" + 0.013*""收入"""
税率,5,"0.054*""税率"" + 0.041*""起征点"" + 0.020*""扣除"" + 0.016*""工资"" + 0.014*""降低"""
税率,6,"0.069*""税率"" + 0.021*""国家"" + 0.014*""税收"" + 0.013*""捍卫"" + 0.013*""企业"""
税率,7,"0.057*""税率"" + 0.036*""起征点"" + 0.025*""工资"" + 0.025*""薪金"" + 0.023*""所得"""
税率,8,"0.075*""税率"" + 0.020*""调整"" + 0.016*""购置税"" + 0.016*""车辆"" + 0.012*""规定"""
税率,9,"0.051*""税率"" + 0.044*""薪金"" + 0.041*""纳税人"" + 0.041*""工资"" + 0.028*""执行"""
起征点,0,"0.034*""扣除"" + 0.030*""专项"" + 0.030*""个人所得税法"" + 0.026*""继续"" + 0.026*""实施"""
起征点,1,"0.055*""起征点"" + 0.036*""个税法"" + 0.028*""影响"" + 0.021*""名称"" + 0.021*""菜品"""
起征点,2,"0.086*""起征点"" + 0.065*""扣除"" + 0.037*""支出"" + 0.031*""草案"" + 0.025*""专项"""
起征点,3,"0.093*""修正案"" + 0.074*""支出"" + 0.060*""税率"" + 0.051*""起征点"" + 0.045*""个税法"""
起征点,4,"0.098*""起征点"" + 0.035*""草案"" + 0.034*""提高"" + 0.025*""修改"" + 0.021*""扣除"""
起征点,5,"0.134*""起征点"" + 0.032*""建议"" + 0.027*""提高"" + 0.022*""收入"" + 0.018*""个税法"""
起征点,6,"0.057*""起征点"" + 0.023*""提高"" + 0.018*""实施"" + 0.017*""支出"" + 0.016*""计税"""
起征点,7,"0.098*""起征点"" + 0.030*""支出"" + 0.027*""关注"" + 0.025*""修正案"" + 0.023*""草案"""
起征点,8,"0.061*""扣除"" + 0.059*""专项"" + 0.053*""继续"" + 0.052*""实施"" + 0.041*""教育"""
起征点,9,"0.032*""实施"" + 0.031*""专项"" + 0.031*""扣除"" + 0.028*""起征点"" + 0.024*""继续"""
税务,0,"0.050*""税务"" + 0.038*""文章"" + 0.031*""头条"" + 0.024*""所得"" + 0.020*""发布"""
税务,1,"0.049*""考试"" + 0.042*""税务师"" + 0.041*""否认"" + 0.024*""问题"" + 0.016*""个税"""
税务,2,"0.026*""税务"" + 0.024*""注册"" + 0.020*""时间"" + 0.018*""工程师"" + 0.018*""免税"""
税务,3,"0.068*""违法"" + 0.056*""失信"" + 0.042*""税务"" + 0.027*""征收"" + 0.020*""部门"""
税务,4,"0.052*""税务"" + 0.050*""税款"" + 0.031*""部门"" + 0.026*""信息"" + 0.019*""美国"""
税务,5,"0.058*""扣除"" + 0.052*""附加"" + 0.034*""税务"" + 0.025*""问题"" + 0.024*""部门"""
税务,6,"0.107*""税务"" + 0.035*""部门"" + 0.029*""招聘"" + 0.028*""征收"" + 0.026*""企业"""
税务,7,"0.067*""离婚"" + 0.054*""工作人员"" + 0.049*""公司"" + 0.016*""区块"" + 0.015*""通知"""
税务,8,"0.075*""税收"" + 0.049*""专项"" + 0.045*""案件"" + 0.035*""影视"" + 0.034*""税款"""
税务,9,"0.042*""标准"" + 0.039*""改革"" + 0.037*""政策"" + 0.035*""企业"" + 0.035*""税务"""
科创板,0,"0.073*""创板"" + 0.043*""推出"" + 0.033*""试点"" + 0.032*""注册"" + 0.024*""企业"""
科创板,1,"0.037*""创板"" + 0.036*""科技"" + 0.029*""活跃"" + 0.029*""试点"" + 0.025*""推动"""
科创板,2,"0.086*""创板"" + 0.036*""企业"" + 0.027*""注册"" + 0.025*""股票"" + 0.025*""长生"""
科创板,3,"0.110*""企业"" + 0.087*""创板"" + 0.038*""登陆"" + 0.033*""西安"" + 0.031*""上市"""
科创板,4,"0.056*""创板"" + 0.035*""试点"" + 0.032*""注册"" + 0.031*""引入"" + 0.026*""市场"""
科创板,5,"0.076*""创板"" + 0.034*""板块"" + 0.027*""设立"" + 0.027*""注册"" + 0.026*""公司"""
科创板,6,"0.087*""创板"" + 0.029*""产业"" + 0.025*""出现"" + 0.025*""企业"" + 0.021*""储备"""
科创板,7,"0.101*""创板"" + 0.068*""企业"" + 0.018*""重点"" + 0.016*""相关"" + 0.014*""上市"""
科创板,8,"0.073*""创板"" + 0.032*""试点"" + 0.030*""落地"" + 0.027*""上市"" + 0.026*""创业板"""
科创板,9,"0.113*""市场"" + 0.065*""创板"" + 0.061*""资本"" + 0.060*""改革"" + 0.023*""企业"""
过审,0,"0.048*""过审"" + 0.039*""结合"" + 0.039*""战斗"" + 0.035*""国家"" + 0.016*""不能"""
过审,1,"0.068*""节目"" + 0.053*""过审"" + 0.035*""游戏"" + 0.032*""审批"" + 0.015*""视频"""
过审,2,"0.076*""过审"" + 0.018*""游戏"" + 0.016*""版号"" + 0.016*""天使"" + 0.015*""开始"""
过审,3,"0.060*""过审"" + 0.028*""期待"" + 0.022*""国家"" + 0.015*""超话"" + 0.010*""网易"""
过审,4,"0.077*""过审"" + 0.036*""泰国"" + 0.029*""批准"" + 0.021*""内地"" + 0.018*""视频"""
过审,5,"0.074*""过审"" + 0.037*""报名"" + 0.030*""竞争"" + 0.021*""公布"" + 0.018*""名单"""
过审,6,"0.033*""网络"" + 0.028*""过审"" + 0.026*""同性"" + 0.022*""计划"" + 0.012*""超话"""
过审,7,"0.053*""过审"" + 0.020*""报名"" + 0.019*""电影"" + 0.015*""视频"" + 0.013*""游戏"""
过审,8,"0.094*""过审"" + 0.043*""视频"" + 0.017*""没有"" + 0.014*""电影"" + 0.011*""看到"""
过审,9,"0.052*""过审"" + 0.025*""表演"" + 0.023*""有关"" + 0.019*""超话"" + 0.018*""中国"""
注册制,0,"0.057*""注册"" + 0.054*""市场"" + 0.036*""改革"" + 0.018*""投资"" + 0.015*""发行"""
注册制,1,"0.059*""注册"" + 0.041*""股市"" + 0.038*""市场"" + 0.031*""问题"" + 0.031*""改革"""
注册制,2,"0.124*""注册"" + 0.041*""运动员"" + 0.027*""电子竞技"" + 0.024*""协会"" + 0.020*""改革"""
注册制,3,"0.069*""注册"" + 0.046*""市场"" + 0.021*""中国"" + 0.021*""发行"" + 0.018*""授权"""
注册制,4,"0.122*""注册"" + 0.029*""市场"" + 0.024*""股票"" + 0.021*""发行"" + 0.019*""股市"""
注册制,5,"0.033*""注册"" + 0.026*""市场"" + 0.021*""运动员"" + 0.016*""电子竞技"" + 0.016*""中国"""
注册制,6,"0.039*""上市"" + 0.038*""注册"" + 0.021*""A股"" + 0.018*""发行"" + 0.018*""创业板"""
注册制,7,"0.051*""市场"" + 0.037*""制度"" + 0.033*""注册"" + 0.029*""股市"" + 0.029*""资本"""
注册制,8,"0.120*""注册"" + 0.038*""改革"" + 0.027*""市场"" + 0.023*""股票"" + 0.015*""发行"""
注册制,9,"0.016*""注册"" + 0.016*""股市"" + 0.011*""发展"" + 0.011*""行业"" + 0.011*""走势"""
审核制,0,"0.158*""公司"" + 0.083*""开放"" + 0.083*""美帝"" + 0.083*""市场"" + 0.083*""汽车"""
审核制,1,"0.133*""审核"" + 0.133*""监管"" + 0.133*""优质"" + 0.133*""回来"" + 0.133*""大家"""
审核制,2,"0.030*""美帝"" + 0.030*""汽车"" + 0.030*""结果"" + 0.030*""市场"" + 0.030*""公司"""
审核制,3,"0.133*""需要"" + 0.133*""教育"" + 0.133*""不用"" + 0.133*""特色"" + 0.133*""高校"""
审核制,4,"0.133*""市场"" + 0.133*""公司"" + 0.133*""结果"" + 0.133*""汽车"" + 0.133*""美帝"""
审核制,5,"0.030*""公司"" + 0.030*""汽车"" + 0.030*""结果"" + 0.030*""市场"" + 0.030*""美帝"""
审核制,6,"0.030*""美帝"" + 0.030*""公司"" + 0.030*""汽车"" + 0.030*""结果"" + 0.030*""市场"""
审核制,7,"0.133*""审核"" + 0.133*""申诉"" + 0.133*""晋江"" + 0.133*""申请"" + 0.133*""没有"""
审核制,8,"0.133*""只能"" + 0.133*""垃圾"" + 0.133*""基金"" + 0.133*""办法"" + 0.133*""利益"""
审核制,9,"0.133*""国家"" + 0.133*""增加"" + 0.133*""平台"" + 0.133*""公务员"" + 0.133*""社交"""
券商,0,"0.099*""券商"" + 0.037*""收购"" + 0.037*""业务"" + 0.032*""证券"" + 0.031*""销户"""
券商,1,"0.079*""板块"" + 0.049*""券商"" + 0.038*""指数"" + 0.031*""个股"" + 0.027*""调整"""
券商,2,"0.114*""券商"" + 0.075*""证券"" + 0.031*""中国"" + 0.022*""支持"" + 0.020*""申请"""
券商,3,"0.049*""券商"" + 0.043*""机构"" + 0.035*""计划"" + 0.032*""杀跌"" + 0.026*""经济"""
券商,4,"0.070*""券商"" + 0.039*""预测"" + 0.032*""大盘"" + 0.027*""市场"" + 0.026*""盘面"""
券商,5,"0.122*""券商"" + 0.033*""A股"" + 0.025*""指数"" + 0.025*""中国"" + 0.021*""纳入"""
券商,6,"0.075*""券商"" + 0.041*""市场"" + 0.039*""A股"" + 0.038*""板块"" + 0.035*""策略"""
券商,7,"0.058*""券商"" + 0.038*""股权"" + 0.030*""质押"" + 0.026*""市场"" + 0.022*""风险"""
券商,8,"0.045*""市场"" + 0.044*""券商"" + 0.038*""公司"" + 0.033*""时候"" + 0.032*""A股"""
券商,9,"0.087*""券商"" + 0.042*""股票"" + 0.036*""证券"" + 0.034*""质押"" + 0.018*""头条"""
基金,0,"0.086*""中国"" + 0.044*""基金"" + 0.029*""公益"" + 0.029*""基金会"" + 0.021*""捐款"""
基金,1,"0.089*""公益"" + 0.088*""儿童"" + 0.083*""爱心"" + 0.054*""防性"" + 0.047*""基金"""
基金,2,"0.052*""发展"" + 0.034*""教育"" + 0.030*""基金"" + 0.028*""美国"" + 0.028*""基金会"""
基金,3,"0.063*""基金"" + 0.047*""项目"" + 0.029*""公益"" + 0.028*""全球"" + 0.019*""能量"""
基金,4,"0.125*""超话"" + 0.065*""基金"" + 0.037*""视频"" + 0.030*""梦想"" + 0.030*""大家"""
基金,5,"0.116*""基金"" + 0.060*""梦想"" + 0.060*""超话"" + 0.040*""公司"" + 0.030*""投资"""
基金,6,"0.071*""大使"" + 0.059*""志愿者"" + 0.038*""基金"" + 0.026*""研究"" + 0.019*""公益"""
基金,7,"0.044*""行动"" + 0.037*""社会"" + 0.032*""国家"" + 0.023*""基金"" + 0.021*""股权"""
基金,8,"0.078*""保护"" + 0.059*""基金会"" + 0.053*""女童"" + 0.034*""活动"" + 0.017*""问题"""
基金,9,"0.119*""基金"" + 0.034*""市场"" + 0.032*""股票"" + 0.021*""计划"" + 0.021*""经理"""
创业板,0,"0.077*""创业板"" + 0.062*""头条"" + 0.053*""文章"" + 0.027*""强势"" + 0.021*""翻红"""
创业板,1,"0.051*""创业板"" + 0.041*""反弹"" + 0.036*""指数"" + 0.035*""上涨"" + 0.027*""中国"""
创业板,2,"0.058*""市场"" + 0.053*""超话"" + 0.043*""股票"" + 0.037*""创业板"" + 0.037*""指数"""
创业板,3,"0.074*""创业板"" + 0.030*""看盘"" + 0.021*""指数"" + 0.020*""图解"" + 0.016*""投资"""
创业板,4,"0.083*""股市"" + 0.048*""创业板"" + 0.026*""公司"" + 0.025*""分析"" + 0.019*""看盘"""
创业板,5,"0.068*""跌幅"" + 0.066*""创业板"" + 0.054*""板块"" + 0.040*""收盘"" + 0.030*""涨幅"""
创业板,6,"0.066*""创业板"" + 0.033*""超话"" + 0.033*""市场"" + 0.030*""低开"" + 0.021*""带动"""
创业板,7,"0.156*""看盘"" + 0.122*""创业板"" + 0.045*""股票"" + 0.028*""上证指数"" + 0.018*""超话"""
创业板,8,"0.061*""创业板"" + 0.059*""板块"" + 0.050*""指数"" + 0.040*""市场"" + 0.029*""个股"""
创业板,9,"0.044*""股指"" + 0.039*""财经"" + 0.038*""创业板"" + 0.032*""A股"" + 0.026*""超话"""
新三板,0,"0.047*""三板"" + 0.025*""企业"" + 0.023*""公司"" + 0.014*""检察院"" + 0.014*""犯罪事实"""
新三板,1,"0.058*""公司"" + 0.051*""三板"" + 0.024*""市场"" + 0.018*""涉嫌"" + 0.015*""企业"""
新三板,2,"0.097*""三板"" + 0.052*""挂牌"" + 0.047*""公司"" + 0.035*""企业"" + 0.015*""融资"""
新三板,3,"0.043*""三板"" + 0.042*""公司"" + 0.026*""企业"" + 0.021*""上市"" + 0.017*""摘牌"""
新三板,4,"0.043*""公司"" + 0.041*""三板"" + 0.012*""战略"" + 0.009*""酒类"" + 0.009*""用户"""
新三板,5,"0.045*""三板"" + 0.019*""公司"" + 0.018*""投资"" + 0.014*""企业"" + 0.014*""市场"""
新三板,6,"0.022*""公司"" + 0.017*""企业"" + 0.014*""三板"" + 0.014*""融资"" + 0.011*""数据"""
新三板,7,"0.056*""公司"" + 0.041*""三板"" + 0.030*""挂牌"" + 0.024*""市场"" + 0.015*""企业"""
新三板,8,"0.043*""公司"" + 0.039*""市场"" + 0.039*""三板"" + 0.032*""企业"" + 0.020*""发展"""
新三板,9,"0.055*""企业"" + 0.035*""三板"" + 0.035*""公司"" + 0.015*""资本"" + 0.010*""产业"""
上证,0,"0.077*""股海"" + 0.064*""人生"" + 0.031*""反弹"" + 0.026*""需要"" + 0.024*""板块"""
上证,1,"0.044*""期货"" + 0.042*""下跌"" + 0.034*""没有"" + 0.033*""收盘"" + 0.029*""个股"""
上证,2,"0.039*""板块"" + 0.029*""涨停"" + 0.022*""市场"" + 0.020*""热点"" + 0.019*""整体"""
上证,3,"0.100*""黄金"" + 0.036*""上证指数"" + 0.033*""继续"" + 0.033*""配资"" + 0.020*""解盘"""
上证,4,"0.040*""操作"" + 0.037*""文章"" + 0.024*""西北"" + 0.021*""企业"" + 0.020*""朋友"""
上证,5,"0.187*""股票"" + 0.114*""文章"" + 0.094*""头条"" + 0.091*""看盘"" + 0.082*""上证指数"""
上证,6,"0.214*""超话"" + 0.056*""看盘"" + 0.041*""上证指数"" + 0.026*""指数"" + 0.024*""大盘"""
上证,7,"0.045*""股市"" + 0.039*""市场"" + 0.037*""上证指数"" + 0.033*""用户"" + 0.023*""中国"""
上证,8,"0.104*""上海"" + 0.074*""国际"" + 0.067*""原油"" + 0.046*""股票"" + 0.044*""大家"""
上证,9,"0.044*""A股"" + 0.036*""资金"" + 0.034*""市场"" + 0.033*""股票"" + 0.024*""技术"""
深证,0,"0.031*""大关"" + 0.031*""肯定"" + 0.031*""刺激"" + 0.031*""主力"" + 0.031*""技术"""
深证,1,"0.035*""铁路"" + 0.035*""成为"" + 0.035*""餐桌上"" + 0.035*""人家"" + 0.035*""调整"""
深证,2,"0.030*""发布"" + 0.030*""文章"" + 0.030*""生物"" + 0.030*""最低点"" + 0.030*""成指"""
深证,3,"0.026*""指数"" + 0.026*""中国"" + 0.026*""大家"" + 0.014*""调整"" + 0.014*""铁路"""
深证,4,"0.041*""铁路"" + 0.021*""进入"" + 0.021*""视听"" + 0.021*""视频"" + 0.021*""策略"""
深证,5,"0.037*""长生"" + 0.037*""花朵"" + 0.037*""祖国"" + 0.037*""开市"" + 0.037*""生物"""
深证,6,"0.039*""调整"" + 0.039*""头条"" + 0.039*""文章"" + 0.021*""暴力"" + 0.021*""样本股"""
深证,7,"0.058*""深圳"" + 0.030*""祈祷"" + 0.030*""软骨"" + 0.030*""反馈"" + 0.030*""设计"""
深证,8,"0.030*""市值"" + 0.030*""观点"" + 0.030*""进入"" + 0.030*""天数"" + 0.030*""大盘股"""
深证,9,"0.023*""幅度"" + 0.023*""发现"" + 0.023*""消息"" + 0.023*""没有"" + 0.023*""发动"""
沪指,0,"0.065*""个股"" + 0.027*""板块"" + 0.022*""粉丝"" + 0.018*""盘面"" + 0.014*""出现"""
沪指,1,"0.058*""市场"" + 0.056*""指数"" + 0.038*""板块"" + 0.021*""盘面"" + 0.014*""震荡"""
沪指,2,"0.115*""板块"" + 0.027*""市场"" + 0.026*""收评"" + 0.024*""截止"" + 0.019*""股指"""
沪指,3,"0.026*""反弹"" + 0.020*""资金"" + 0.018*""市场"" + 0.017*""板块"" + 0.015*""超话"""
沪指,4,"0.041*""粉丝"" + 0.033*""调整"" + 0.031*""超话"" + 0.025*""头条"" + 0.021*""指数"""
沪指,5,"0.031*""杀跌"" + 0.025*""银行"" + 0.024*""板块"" + 0.021*""头条"" + 0.021*""超话"""
沪指,6,"0.022*""大跌"" + 0.022*""涨停"" + 0.019*""压力"" + 0.018*""A股"" + 0.017*""收官"""
沪指,7,"0.047*""板块"" + 0.037*""市场"" + 0.025*""股市"" + 0.022*""超话"" + 0.019*""中国"""
沪指,8,"0.030*""股票"" + 0.029*""市场"" + 0.028*""反弹"" + 0.026*""超话"" + 0.023*""新低"""
沪指,9,"0.044*""指数"" + 0.022*""震荡"" + 0.021*""回落"" + 0.018*""继续"" + 0.012*""新低"""
深指,0,"0.042*""本场"" + 0.042*""大跌"" + 0.042*""面对"" + 0.042*""时间段"" + 0.042*""目标"""
深指,1,"0.042*""大跌"" + 0.042*""意味着"" + 0.042*""个股"" + 0.042*""面对"" + 0.042*""支持"""
深指,2,"0.131*""让步"" + 0.126*""意甲"" + 0.118*""本场"" + 0.114*""支持"" + 0.082*""面对"""
深指,3,"0.042*""大跌"" + 0.042*""支持"" + 0.042*""目标"" + 0.042*""个股"" + 0.042*""面对"""
深指,4,"0.149*""交易日"" + 0.149*""主力"" + 0.149*""月份"" + 0.149*""合约"" + 0.149*""目标"""
深指,5,"0.156*""面对"" + 0.129*""支持"" + 0.126*""本场"" + 0.120*""意甲"" + 0.115*""让步"""
深指,6,"0.149*""大跌"" + 0.149*""股市"" + 0.149*""股指"" + 0.149*""期待"" + 0.149*""美国"""
深指,7,"0.089*""板块"" + 0.089*""大跌"" + 0.089*""表现"" + 0.089*""部分"" + 0.089*""下调"""
深指,8,"0.042*""本场"" + 0.042*""时间段"" + 0.042*""大跌"" + 0.042*""支持"" + 0.042*""美国"""
深指,9,"0.042*""大跌"" + 0.042*""意味着"" + 0.042*""支持"" + 0.042*""期待"" + 0.042*""股指"""
A股,0,"0.069*""A股"" + 0.060*""股票"" + 0.035*""股份"" + 0.033*""超话"" + 0.032*""公司"""
A股,1,"0.119*""A股"" + 0.081*""市场"" + 0.063*""指数"" + 0.054*""中国"" + 0.034*""资金"""
A股,2,"0.080*""A股"" + 0.029*""外资"" + 0.026*""市场"" + 0.024*""时间"" + 0.022*""调整"""
A股,3,"0.123*""A股"" + 0.062*""文章"" + 0.043*""头条"" + 0.027*""发布"" + 0.019*""大跌"""
A股,4,"0.038*""A股"" + 0.038*""走出"" + 0.031*""公司"" + 0.026*""有望"" + 0.025*""业绩"""
A股,5,"0.082*""A股"" + 0.031*""公司"" + 0.021*""市值"" + 0.021*""中国"" + 0.020*""成为"""
A股,6,"0.088*""A股"" + 0.033*""上市"" + 0.030*""能否"" + 0.023*""机构"" + 0.021*""操作"""
A股,7,"0.088*""A股"" + 0.037*""股民"" + 0.035*""市场"" + 0.029*""全球"" + 0.027*""还有"""
A股,8,"0.071*""A股"" + 0.048*""投资"" + 0.043*""视频"" + 0.026*""市场"" + 0.025*""价值"""
A股,9,"0.109*""A股"" + 0.044*""走势"" + 0.036*""市场"" + 0.034*""没有"" + 0.029*""港股"""
股市,0,"0.098*""股市"" + 0.039*""大盘"" + 0.022*""反弹"" + 0.019*""关注"" + 0.015*""市场"""
股市,1,"0.084*""经济"" + 0.075*""股市"" + 0.045*""市场"" + 0.039*""加息"" + 0.037*""美国"""
股市,2,"0.043*""股市"" + 0.023*""股份"" + 0.022*""黄金"" + 0.018*""资本"" + 0.018*""金融"""
股市,3,"0.057*""股市"" + 0.050*""风险"" + 0.040*""股票"" + 0.029*""财经"" + 0.021*""热点"""
股市,4,"0.114*""股市"" + 0.053*""没有"" + 0.032*""股民"" + 0.030*""机会"" + 0.023*""交易"""
股市,5,"0.160*""股市"" + 0.085*""中国"" + 0.028*""操作"" + 0.020*""策略"" + 0.018*""视频"""
股市,6,"0.073*""股市"" + 0.056*""指数"" + 0.033*""市场"" + 0.033*""下跌"" + 0.026*""继续"""
股市,7,"0.065*""股市"" + 0.063*""投资"" + 0.052*""个股"" + 0.050*""市场"" + 0.027*""价值"""
股市,8,"0.115*""文章"" + 0.102*""股市"" + 0.085*""头条"" + 0.046*""发布"" + 0.025*""直播"""
股市,9,"0.088*""超话"" + 0.077*""股市"" + 0.019*""股票"" + 0.015*""大跌"" + 0.015*""看盘"""
证券市场,0,"0.037*""证券市场"" + 0.035*""禁入"" + 0.029*""操纵"" + 0.028*""市场"" + 0.020*""长生"""
证券市场,1,"0.091*""证券市场"" + 0.055*""中国"" + 0.041*""投资者"" + 0.038*""新增"" + 0.022*""禁入"""
证券市场,2,"0.026*""证券市场"" + 0.021*""中国"" + 0.019*""周刊"" + 0.011*""股票"" + 0.008*""证券"""
证券市场,3,"0.034*""证券市场"" + 0.028*""操纵"" + 0.020*""市场"" + 0.020*""违法"" + 0.020*""证券"""
证券市场,4,"0.024*""中国"" + 0.020*""投资"" + 0.017*""证券市场"" + 0.013*""股票"" + 0.013*""证券"""
证券市场,5,"0.049*""证券市场"" + 0.027*""禁入"" + 0.015*""操纵"" + 0.013*""金融"" + 0.013*""上海"""
证券市场,6,"0.065*""证券市场"" + 0.035*""公司"" + 0.030*""禁入"" + 0.019*""决定书"" + 0.016*""文化"""
证券市场,7,"0.042*""市场"" + 0.032*""证券市场"" + 0.023*""文化"" + 0.021*""公司"" + 0.021*""相关"""
证券市场,8,"0.058*""证券市场"" + 0.019*""禁入"" + 0.017*""周刊"" + 0.015*""决定书"" + 0.015*""发展"""
证券市场,9,"0.054*""证券市场"" + 0.034*""禁入"" + 0.015*""推动"" + 0.015*""夫妇"" + 0.015*""长生"""
IPO,0,"0.038*""规模"" + 0.034*""音乐"" + 0.027*""上市"" + 0.027*""公司"" + 0.025*""发行"""
IPO,1,"0.036*""上市"" + 0.035*""经济"" + 0.031*""企业"" + 0.028*""提交"" + 0.019*""申请"""
IPO,2,"0.041*""移动"" + 0.027*""股权"" + 0.027*""音乐"" + 0.023*""过会"" + 0.018*""旗下"""
IPO,3,"0.047*""公司"" + 0.030*""上市"" + 0.020*""项目"" + 0.018*""行业"" + 0.013*""互联网"""
IPO,4,"0.033*""文章"" + 0.031*""美国"" + 0.031*""头条"" + 0.029*""股价"" + 0.029*""开盘"""
IPO,5,"0.050*""上市"" + 0.036*""破发"" + 0.029*""市场"" + 0.025*""日本"" + 0.024*""企业"""
IPO,6,"0.039*""估值"" + 0.039*""小米"" + 0.036*""上市"" + 0.035*""公司"" + 0.025*""定价"""
IPO,7,"0.106*""上市"" + 0.049*""中国"" + 0.045*""软银"" + 0.034*""全球"" + 0.033*""香港"""
IPO,8,"0.105*""企业"" + 0.084*""批文"" + 0.059*""有限公司"" + 0.057*""股份"" + 0.042*""筹资"""
IPO,9,"0.049*""上市"" + 0.047*""公司"" + 0.044*""美国"" + 0.022*""进行"" + 0.021*""融资"""
首次公开发行,0,"0.044*""发行"" + 0.027*""上市"" + 0.027*""申请"" + 0.027*""接收"" + 0.018*""小米"""
首次公开发行,1,"0.050*""上市"" + 0.037*""发行"" + 0.019*""股份"" + 0.019*""新曲"" + 0.013*""申请"""
首次公开发行,2,"0.035*""发行"" + 0.026*""公司"" + 0.018*""股份"" + 0.018*""舞台"" + 0.018*""上市"""
首次公开发行,3,"0.022*""发行"" + 0.022*""上市"" + 0.022*""小米"" + 0.022*""计划"" + 0.022*""投资者"""
首次公开发行,4,"0.025*""股东"" + 0.025*""激励"" + 0.025*""网站"" + 0.025*""资金"" + 0.025*""基础设施"""
首次公开发行,5,"0.037*""上市"" + 0.025*""发行股票"" + 0.025*""办法"" + 0.013*""发行"" + 0.013*""美国"""
首次公开发行,6,"0.035*""发行股票"" + 0.035*""试点"" + 0.026*""上市"" + 0.026*""发行"" + 0.018*""小米"""
首次公开发行,7,"0.060*""发行"" + 0.049*""上市"" + 0.023*""申请"" + 0.015*""奖励"" + 0.015*""企业"""
首次公开发行,8,"0.042*""音乐"" + 0.036*""股票"" + 0.028*""超过"" + 0.028*""美国"" + 0.028*""存托"""
首次公开发行,9,"0.060*""公司"" + 0.018*""发行"" + 0.018*""超人"" + 0.018*""交易"" + 0.018*""暴走"""
定增,0,"0.024*""资金"" + 0.020*""再融资"" + 0.020*""资本"" + 0.020*""公司"" + 0.020*""发行"""
定增,1,"0.036*""股份"" + 0.027*""资产"" + 0.023*""方案"" + 0.018*""发行"" + 0.018*""购买"""
定增,2,"0.043*""资产重组"" + 0.030*""终止"" + 0.017*""筹划"" + 0.017*""复牌"" + 0.013*""重组"""
定增,3,"0.037*""股票"" + 0.033*""公司"" + 0.022*""发行"" + 0.015*""终止"" + 0.015*""复牌"""
定增,4,"0.031*""终止"" + 0.031*""复牌"" + 0.031*""收购"" + 0.023*""科技"" + 0.023*""资产重组"""
定增,5,"0.026*""股份"" + 0.016*""二姐"" + 0.016*""超话"" + 0.016*""看盘"" + 0.011*""融资"""
定增,6,"0.052*""股份"" + 0.036*""公司"" + 0.033*""发行"" + 0.026*""终止"" + 0.016*""银行"""
定增,7,"0.025*""股价"" + 0.025*""股东"" + 0.013*""股份"" + 0.013*""发行股票"" + 0.013*""公司"""
定增,8,"0.034*""股份"" + 0.026*""股票"" + 0.019*""公司"" + 0.019*""资金"" + 0.015*""银行"""
定增,9,"0.025*""重组"" + 0.021*""市场"" + 0.021*""资本"" + 0.017*""充足率"" + 0.017*""股价"""
交易所,0,"0.029*""货币"" + 0.027*""公司"" + 0.026*""区块"" + 0.024*""中国"" + 0.018*""股票"""
交易所,1,"0.057*""退市"" + 0.051*""强制"" + 0.033*""违法"" + 0.028*""上市"" + 0.025*""期货"""
交易所,2,"0.024*""公司"" + 0.018*""证券"" + 0.016*""超话"" + 0.016*""收盘"" + 0.016*""上市"""
交易所,3,"0.053*""加密"" + 0.048*""货币"" + 0.034*""生物"" + 0.026*""区块"" + 0.017*""钻石"""
交易所,4,"0.032*""资产"" + 0.027*""区块"" + 0.026*""收到"" + 0.017*""上线"" + 0.015*""市场"""
交易所,5,"0.027*""数字"" + 0.024*""货币"" + 0.022*""回购"" + 0.021*""股份"" + 0.020*""企业"""
交易所,6,"0.028*""指引"" + 0.027*""披露"" + 0.025*""停牌"" + 0.020*""复牌"" + 0.019*""重组"""
交易所,7,"0.042*""公司"" + 0.032*""交易"" + 0.025*""美国"" + 0.021*""期货"" + 0.020*""上海"""
交易所,8,"0.024*""市场"" + 0.019*""可能"" + 0.018*""交易"" + 0.017*""资本"" + 0.013*""北京"""
交易所,9,"0.033*""加拿大"" + 0.028*""区块"" + 0.027*""市场"" + 0.025*""期货"" + 0.023*""股价"""
股票,0,"0.097*""股票"" + 0.046*""涨停"" + 0.027*""朋友"" + 0.025*""实盘"" + 0.021*""出现"""
股票,1,"0.088*""股票"" + 0.054*""股份"" + 0.031*""上市"" + 0.028*""回购"" + 0.025*""公司"""
股票,2,"0.099*""股票"" + 0.041*""风险"" + 0.026*""投资"" + 0.021*""资产"" + 0.020*""银行"""
股票,3,"0.051*""直播"" + 0.036*""股票"" + 0.034*""频道"" + 0.034*""观看"" + 0.033*""小时"""
股票,4,"0.076*""股票"" + 0.027*""证券"" + 0.024*""股东"" + 0.019*""控股"" + 0.018*""投资"""
股票,5,"0.088*""股票"" + 0.033*""期货"" + 0.028*""应该"" + 0.026*""还有"" + 0.023*""黄金"""
股票,6,"0.065*""个股"" + 0.049*""股票"" + 0.030*""没有"" + 0.022*""板块"" + 0.021*""上涨"""
股票,7,"0.085*""市场"" + 0.067*""股票"" + 0.033*""投资者"" + 0.029*""交流"" + 0.024*""买入"""
股票,8,"0.104*""超话"" + 0.082*""股票"" + 0.063*""文章"" + 0.040*""头条"" + 0.027*""财经"""
股票,9,"0.047*""股票"" + 0.043*""中国"" + 0.036*""公司"" + 0.025*""行业"" + 0.025*""市值"""
上市公司,0,"0.038*""公司"" + 0.031*""实现"" + 0.029*""股东"" + 0.024*""投资"" + 0.019*""中国"""
上市公司,1,"0.050*""企业"" + 0.030*""市场"" + 0.029*""风险"" + 0.029*""公司"" + 0.028*""质押"""
上市公司,2,"0.036*""头条"" + 0.032*""文章"" + 0.025*""相关"" + 0.020*""盈利"" + 0.019*""净利润"""
上市公司,3,"0.061*""回购"" + 0.052*""股份"" + 0.031*""发展"" + 0.031*""经济"" + 0.029*""中国"""
上市公司,4,"0.025*""公司"" + 0.023*""财经"" + 0.015*""证券"" + 0.015*""峰会"" + 0.014*""出售"""
上市公司,5,"0.036*""国资"" + 0.033*""股东"" + 0.030*""控股"" + 0.025*""公司"" + 0.024*""市值"""
上市公司,6,"0.045*""公司"" + 0.027*""中国"" + 0.021*""集团"" + 0.017*""机构"" + 0.015*""业务"""
上市公司,7,"0.027*""披露"" + 0.021*""公司"" + 0.021*""中国"" + 0.021*""业绩"" + 0.012*""预告"""
上市公司,8,"0.035*""市场"" + 0.033*""公司"" + 0.020*""产品"" + 0.020*""投资者"" + 0.019*""商誉"""
上市公司,9,"0.037*""中国"" + 0.030*""公司"" + 0.019*""交易"" + 0.016*""没有"" + 0.014*""需要"""
港股,0,"0.049*""港股"" + 0.016*""小米"" + 0.013*""上市"" + 0.010*""获得"" + 0.010*""跌幅"""
港股,1,"0.082*""港股"" + 0.022*""上市"" + 0.018*""模拟"" + 0.018*""交易"" + 0.016*""大赛"""
港股,2,"0.090*""港股"" + 0.017*""上市"" + 0.012*""模拟"" + 0.011*""大赛"" + 0.010*""市场"""
港股,3,"0.081*""港股"" + 0.024*""公司"" + 0.022*""上市"" + 0.016*""股价"" + 0.015*""小米"""
港股,4,"0.055*""港股"" + 0.018*""中国"" + 0.009*""焦点"" + 0.008*""市场"" + 0.007*""资金"""
港股,5,"0.051*""港股"" + 0.029*""中国"" + 0.020*""市值"" + 0.019*""焦点"" + 0.013*""公司"""
港股,6,"0.030*""港股"" + 0.027*""市场"" + 0.026*""上市"" + 0.007*""焦点"" + 0.007*""股价"""
港股,7,"0.088*""港股"" + 0.016*""投资"" + 0.015*""中国"" + 0.012*""市场"" + 0.012*""公司"""
港股,8,"0.052*""港股"" + 0.035*""上市"" + 0.015*""公司"" + 0.010*""集团"" + 0.009*""小米"""
港股,9,"0.095*""港股"" + 0.025*""擂台赛"" + 0.024*""红包"" + 0.018*""上市"" + 0.017*""中国"""
H股,0,"0.066*""投资"" + 0.062*""商业"" + 0.042*""H股"" + 0.027*""战略"" + 0.025*""上市"""
H股,1,"0.063*""H股"" + 0.029*""小米"" + 0.023*""中国"" + 0.018*""市场"" + 0.018*""股份"""
H股,2,"0.041*""H股"" + 0.021*""上市"" + 0.021*""采购"" + 0.011*""商业"" + 0.011*""银行"""
H股,3,"0.090*""H股"" + 0.021*""合并"" + 0.021*""银行"" + 0.011*""上市"" + 0.011*""发行"""
H股,4,"0.030*""H股"" + 0.030*""资产"" + 0.030*""香港"" + 0.016*""上市"" + 0.016*""投资"""
H股,5,"0.041*""H股"" + 0.036*""中国"" + 0.025*""跌幅"" + 0.025*""新低"" + 0.025*""扩大"""
H股,6,"0.041*""H股"" + 0.027*""银行"" + 0.021*""公司"" + 0.021*""复牌"" + 0.021*""上市"""
H股,7,"0.062*""H股"" + 0.031*""商业"" + 0.031*""投资"" + 0.024*""股权"" + 0.024*""战略"""
H股,8,"0.060*""H股"" + 0.038*""发行"" + 0.023*""申请"" + 0.023*""企业"" + 0.016*""啤酒"""
H股,9,"0.047*""H股"" + 0.047*""试点"" + 0.047*""全流通"" + 0.031*""市场"" + 0.024*""中国"""
美股,0,"0.021*""涨幅"" + 0.019*""大关"" + 0.017*""苹果"" + 0.017*""市场"" + 0.017*""股指"""
美股,1,"0.049*""投资者"" + 0.048*""跌幅"" + 0.041*""美国"" + 0.028*""经济"" + 0.026*""指数"""
美股,2,"0.040*""抄底"" + 0.033*""回落"" + 0.026*""超话"" + 0.025*""公司"" + 0.021*""熊市"""
美股,3,"0.094*""指数"" + 0.046*""收涨"" + 0.040*""标普"" + 0.037*""股指"" + 0.027*""涨幅"""
美股,4,"0.038*""反弹"" + 0.033*""市场"" + 0.025*""黄金"" + 0.023*""上涨"" + 0.019*""原油"""
美股,5,"0.073*""单日"" + 0.023*""股价"" + 0.019*""专利"" + 0.018*""纪录"" + 0.018*""人们"""
美股,6,"0.048*""继续"" + 0.030*""涨幅"" + 0.027*""直播"" + 0.023*""历史"" + 0.022*""不会"""
美股,7,"0.076*""市场"" + 0.043*""机会"" + 0.027*""能源"" + 0.023*""中国"" + 0.022*""美国"""
美股,8,"0.051*""暴涨"" + 0.033*""领涨"" + 0.032*""美国"" + 0.026*""单日"" + 0.026*""表现"""
美股,9,"0.050*""反弹"" + 0.050*""文章"" + 0.033*""头条"" + 0.028*""发布"" + 0.022*""熊市"""
绩优股,0,"0.052*""绩优股"" + 0.014*""文章"" + 0.014*""头条"" + 0.007*""业绩"" + 0.007*""市场"""
绩优股,1,"0.041*""绩优股"" + 0.012*""市场"" + 0.012*""时候"" + 0.006*""超跌"" + 0.006*""反弹"""
绩优股,2,"0.044*""文章"" + 0.039*""绩优股"" + 0.029*""业绩"" + 0.029*""头条"" + 0.020*""公司"""
绩优股,3,"0.048*""绩优股"" + 0.018*""个股"" + 0.013*""市场"" + 0.013*""市值"" + 0.009*""业绩"""
绩优股,4,"0.024*""绩优股"" + 0.024*""投资"" + 0.018*""银行"" + 0.018*""市场"" + 0.018*""机构"""
绩优股,5,"0.043*""绩优股"" + 0.016*""天蝎"" + 0.016*""个股"" + 0.016*""大盘"" + 0.016*""逃避"""
绩优股,6,"0.061*""绩优股"" + 0.022*""没有"" + 0.018*""个股"" + 0.018*""行情"" + 0.013*""问题"""
绩优股,7,"0.027*""绩优股"" + 0.014*""公司"" + 0.014*""市场"" + 0.014*""板块"" + 0.014*""收益"""
绩优股,8,"0.072*""绩优股"" + 0.019*""继续"" + 0.019*""市场"" + 0.015*""反弹"" + 0.015*""股份"""
绩优股,9,"0.022*""个股"" + 0.015*""绩优股"" + 0.015*""公司"" + 0.015*""没有"" + 0.015*""投资者"""
蓝筹股,0,"0.019*""低位"" + 0.019*""市场"" + 0.011*""板块"" + 0.011*""整体"" + 0.011*""反弹"""
蓝筹股,1,"0.037*""市场"" + 0.025*""板块"" + 0.020*""投资"" + 0.014*""出现"" + 0.014*""下跌"""
蓝筹股,2,"0.029*""大盘"" + 0.022*""大家"" + 0.019*""银行"" + 0.015*""消费"" + 0.011*""题材股"""
蓝筹股,3,"0.030*""大盘"" + 0.017*""市场"" + 0.014*""大跌"" + 0.014*""公司"" + 0.010*""重点"""
蓝筹股,4,"0.038*""投资"" + 0.038*""价值"" + 0.020*""资金"" + 0.016*""调整"" + 0.016*""市场"""
蓝筹股,5,"0.018*""个股"" + 0.018*""投资"" + 0.015*""板块"" + 0.015*""中国"" + 0.012*""大盘"""
蓝筹股,6,"0.035*""市场"" + 0.023*""机构"" + 0.018*""投资"" + 0.018*""资金"" + 0.015*""解释"""
蓝筹股,7,"0.099*""投资"" + 0.084*""解释"" + 0.082*""词汇"" + 0.082*""天使"" + 0.057*""经济"""
蓝筹股,8,"0.028*""大盘"" + 0.016*""机会"" + 0.014*""估值"" + 0.014*""业绩"" + 0.012*""继续"""
蓝筹股,9,"0.035*""大盘"" + 0.014*""没有"" + 0.014*""投资"" + 0.011*""强势"" + 0.011*""行情"""
分红,0,"0.122*""分红"" + 0.011*""公司"" + 0.011*""格力"" + 0.009*""投资"" + 0.008*""银行"""
分红,1,"0.068*""分红"" + 0.021*""公司"" + 0.015*""产业"" + 0.013*""村民"" + 0.013*""企业"""
分红,2,"0.020*""分红"" + 0.016*""没有"" + 0.015*""投资"" + 0.015*""发展"" + 0.014*""负债"""
分红,3,"0.035*""分红"" + 0.020*""格力"" + 0.018*""公司"" + 0.009*""没有"" + 0.009*""芯片"""
分红,4,"0.028*""分红"" + 0.020*""公司"" + 0.013*""企业"" + 0.012*""扶贫"" + 0.011*""老板"""
分红,5,"0.067*""分红"" + 0.011*""业绩"" + 0.010*""格力"" + 0.008*""村民"" + 0.007*""股价"""
分红,6,"0.060*""分红"" + 0.038*""格力"" + 0.019*""芯片"" + 0.011*""年报"" + 0.009*""农民"""
分红,7,"0.056*""分红"" + 0.011*""资金"" + 0.010*""公司"" + 0.009*""工作"" + 0.008*""产业"""
分红,8,"0.073*""分红"" + 0.030*""公司"" + 0.008*""芯片"" + 0.008*""格力"" + 0.008*""股东"""
分红,9,"0.041*""分红"" + 0.030*""贫困户"" + 0.016*""格力"" + 0.006*""种植"" + 0.006*""芯片"""
股利,0,"0.100*""公司"" + 0.051*""股东"" + 0.051*""全体"" + 0.027*""股派"" + 0.027*""应收"""
股利,1,"0.051*""股利"" + 0.051*""公司"" + 0.027*""投资"" + 0.027*""证金"" + 0.027*""猪蹄"""
股利,2,"0.067*""股东"" + 0.067*""年度"" + 0.054*""资本"" + 0.054*""公司"" + 0.041*""转增"""
股利,3,"0.031*""股利"" + 0.031*""量产"" + 0.031*""企业"" + 0.031*""相信"" + 0.031*""债券"""
股利,4,"0.078*""公司"" + 0.059*""证金"" + 0.040*""转增"" + 0.040*""股东"" + 0.040*""人民币"""
股利,5,"0.055*""资本"" + 0.055*""年度"" + 0.055*""人民币"" + 0.055*""转增"" + 0.038*""提议"""
股利,6,"0.044*""股东"" + 0.044*""资本"" + 0.044*""全体"" + 0.044*""提议"" + 0.044*""股利"""
股利,7,"0.058*""年度"" + 0.058*""转增"" + 0.058*""资本"" + 0.031*""股东"" + 0.031*""股利"""
股利,8,"0.125*""股东"" + 0.088*""全体"" + 0.075*""转增"" + 0.063*""资本"" + 0.051*""人民币"""
股利,9,"0.051*""股东"" + 0.051*""股派"" + 0.027*""公司"" + 0.027*""股利"" + 0.027*""全体"""
股价,0,"0.072*""股价"" + 0.063*""公司"" + 0.016*""中国"" + 0.014*""科技"" + 0.014*""机构"""
股价,1,"0.081*""股价"" + 0.070*""京东"" + 0.028*""起诉"" + 0.026*""公司"" + 0.022*""上市"""
股价,2,"0.093*""加拿大"" + 0.089*""股价"" + 0.027*""股份"" + 0.026*""回购"" + 0.024*""公司"""
股价,3,"0.077*""股价"" + 0.026*""指数"" + 0.026*""公司"" + 0.016*""宣布"" + 0.014*""财经"""
股价,4,"0.072*""股价"" + 0.038*""市场"" + 0.038*""苹果"" + 0.031*""市值"" + 0.022*""业绩"""
股价,5,"0.081*""股价"" + 0.017*""茅台"" + 0.016*""市场"" + 0.015*""销售"" + 0.015*""超过"""
股价,6,"0.075*""股价"" + 0.029*""开业"" + 0.024*""中国"" + 0.024*""影响"" + 0.021*""事件"""
股价,7,"0.065*""股价"" + 0.036*""苹果"" + 0.035*""中国"" + 0.027*""跌幅"" + 0.027*""公司"""
股价,8,"0.093*""股价"" + 0.043*""中国"" + 0.041*""游戏"" + 0.038*""版号"" + 0.030*""首富"""
股价,9,"0.066*""股价"" + 0.041*""苹果"" + 0.024*""预期"" + 0.019*""了解"" + 0.019*""销量"""
熔断,0,"0.027*""熔断"" + 0.017*""大盘"" + 0.017*""股灾"" + 0.011*""楼市"" + 0.011*""经济"""
熔断,1,"0.080*""熔断"" + 0.027*""股灾"" + 0.020*""市场"" + 0.012*""个股"" + 0.012*""没有"""
熔断,2,"0.040*""熔断"" + 0.015*""大盘"" + 0.015*""股灾"" + 0.010*""导致"" + 0.010*""成交"""
熔断,3,"0.018*""设备"" + 0.012*""影响"" + 0.012*""基金"" + 0.012*""服务"" + 0.012*""超过"""
熔断,4,"0.070*""熔断"" + 0.014*""供电"" + 0.010*""走势"" + 0.010*""成交"" + 0.010*""工作人员"""
熔断,5,"0.017*""熔断"" + 0.015*""没有"" + 0.010*""股灾"" + 0.010*""超话"" + 0.010*""送电"""
熔断,6,"0.014*""熔断"" + 0.014*""股灾"" + 0.014*""神经"" + 0.009*""数据"" + 0.009*""成交额"""
熔断,7,"0.022*""英特尔"" + 0.017*""熔断"" + 0.017*""公司"" + 0.017*""内存"" + 0.017*""影响"""
熔断,8,"0.065*""熔断"" + 0.017*""交易"" + 0.012*""保险丝"" + 0.008*""内存"" + 0.008*""导致"""
熔断,9,"0.096*""熔断"" + 0.018*""漏洞"" + 0.015*""英特尔"" + 0.009*""幽灵"" + 0.009*""小时"""
开盘,0,"0.073*""开盘"" + 0.060*""徐州"" + 0.036*""认筹"" + 0.026*""楼市"" + 0.018*""楼盘"""
开盘,1,"0.073*""开盘"" + 0.036*""外盘"" + 0.029*""午盘"" + 0.022*""济南"" + 0.020*""现货"""
开盘,2,"0.082*""开盘"" + 0.056*""项目"" + 0.025*""预计"" + 0.017*""套房"" + 0.016*""洋房"""
开盘,3,"0.028*""大盘"" + 0.027*""黄金"" + 0.027*""低开"" + 0.026*""超话"" + 0.021*""单子"""
开盘,4,"0.102*""开盘"" + 0.028*""涨停"" + 0.024*""跌停"" + 0.020*""股份"" + 0.017*""长征"""
开盘,5,"0.078*""操作"" + 0.077*""期货"" + 0.068*""原油"" + 0.049*""开盘"" + 0.025*""大家"""
开盘,6,"0.045*""开盘"" + 0.027*""户型"" + 0.027*""项目"" + 0.022*""时间"" + 0.019*""出来"""
开盘,7,"0.123*""黄金"" + 0.072*""原油"" + 0.053*""期货"" + 0.031*""开盘"" + 0.029*""上海"""
开盘,8,"0.083*""开盘"" + 0.039*""待定"" + 0.027*""价格"" + 0.020*""房价"" + 0.017*""新盘"""
开盘,9,"0.066*""位置"" + 0.043*""行情"" + 0.043*""原油"" + 0.041*""老师"" + 0.029*""进场"""
开市,0,"0.056*""开市"" + 0.017*""好运"" + 0.014*""交易"" + 0.013*""夜市"" + 0.012*""文化"""
开市,1,"0.074*""开市"" + 0.033*""关门"" + 0.031*""破五"" + 0.029*""禁忌"" + 0.027*""接财"""
开市,2,"0.059*""开市"" + 0.024*""好运"" + 0.022*""市场"" + 0.014*""动土"" + 0.012*""愿望"""
开市,3,"0.026*""开市"" + 0.012*""好运"" + 0.012*""出行"" + 0.010*""忌讳"" + 0.008*""金典"""
开市,4,"0.036*""开市"" + 0.021*""祈祷"" + 0.021*""嫁娶"" + 0.016*""视频"" + 0.012*""出行"""
开市,5,"0.075*""开市"" + 0.021*""动土"" + 0.014*""好运"" + 0.012*""长生"" + 0.011*""求财"""
开市,6,"0.044*""开市"" + 0.018*""嫁娶"" + 0.016*""大集"" + 0.014*""纳采"" + 0.014*""理发"""
开市,7,"0.052*""开市"" + 0.011*""夜市"" + 0.009*""财神"" + 0.009*""上市"" + 0.007*""大家"""
开市,8,"0.046*""开市"" + 0.009*""财神"" + 0.009*""出行"" + 0.008*""交易"" + 0.007*""词讼"""
开市,9,"0.055*""开市"" + 0.014*""搬家"" + 0.009*""嫁娶"" + 0.009*""忌讳"" + 0.009*""好运"""
收盘,0,"0.042*""收盘"" + 0.023*""涨停"" + 0.022*""继续"" + 0.020*""信号"" + 0.016*""进入"""
收盘,1,"0.095*""收盘"" + 0.034*""新低"" + 0.030*""市值"" + 0.026*""指数"" + 0.026*""收跌"""
收盘,2,"0.051*""收盘"" + 0.034*""原油"" + 0.026*""反弹"" + 0.024*""调整"" + 0.023*""原油期货"""
收盘,3,"0.035*""还有"" + 0.032*""继续"" + 0.023*""板块"" + 0.022*""增长"" + 0.022*""解盘"""
收盘,4,"0.041*""超话"" + 0.033*""收盘"" + 0.031*""市场"" + 0.030*""板块"" + 0.025*""指数"""
收盘,5,"0.049*""人民币"" + 0.025*""交易日"" + 0.025*""收盘"" + 0.022*""中间价"" + 0.021*""下跌"""
收盘,6,"0.065*""收盘"" + 0.028*""资金"" + 0.022*""截至"" + 0.021*""大盘"" + 0.020*""单子"""
收盘,7,"0.058*""收盘"" + 0.042*""原油"" + 0.031*""期货"" + 0.030*""指数"" + 0.023*""超话"""
收盘,8,"0.063*""收盘"" + 0.036*""原油"" + 0.032*""震荡"" + 0.032*""资金"" + 0.025*""行情"""
收盘,9,"0.090*""收盘"" + 0.031*""没有"" + 0.020*""组图"" + 0.019*""视频"" + 0.017*""中线"""
闭市,0,"0.115*""市场"" + 0.087*""闭市"" + 0.059*""批发市场"" + 0.059*""疏解"" + 0.059*""天缘"""
闭市,1,"0.043*""闭市"" + 0.043*""批发市场"" + 0.043*""疏解"" + 0.043*""世纪"" + 0.043*""北京"""
闭市,2,"0.101*""批发市场"" + 0.053*""市场"" + 0.053*""闭市"" + 0.053*""北京"" + 0.053*""区域性"""
闭市,3,"0.068*""市场"" + 0.036*""市民"" + 0.036*""污染"" + 0.036*""炸鸡"" + 0.036*""回忆"""
闭市,4,"0.053*""排做"" + 0.053*""胖宝"" + 0.053*""经历"" + 0.053*""果子"" + 0.053*""公司债"""
闭市,5,"0.043*""市场"" + 0.043*""批发市场"" + 0.043*""区域性"" + 0.043*""避风"" + 0.043*""返还"""
闭市,6,"0.068*""北京"" + 0.068*""回忆"" + 0.068*""官园"" + 0.036*""批发市场"" + 0.036*""闭市"""
闭市,7,"0.053*""闭市"" + 0.053*""批发市场"" + 0.053*""部门"" + 0.053*""区域性"" + 0.053*""进入"""
闭市,8,"0.061*""市场"" + 0.041*""批发市场"" + 0.022*""闭市"" + 0.022*""市民"" + 0.022*""扎堆"""
闭市,9,"0.081*""市场"" + 0.043*""闭市"" + 0.043*""疏解"" + 0.043*""天缘"" + 0.043*""西城区"""
去杠杆,0,"0.184*""旅游"" + 0.149*""杠杆"" + 0.088*""行业"" + 0.057*""影响"" + 0.031*""资管"""
去杠杆,1,"0.154*""杠杆"" + 0.053*""金融"" + 0.050*""行业"" + 0.046*""关键"" + 0.045*""没有"""
去杠杆,2,"0.072*""债务"" + 0.071*""工作"" + 0.057*""中国"" + 0.041*""政策"" + 0.038*""风险"""
去杠杆,3,"0.082*""杠杆"" + 0.070*""经济"" + 0.066*""中国"" + 0.048*""效率"" + 0.034*""发展"""
去杠杆,4,"0.082*""城市"" + 0.065*""杠杆"" + 0.045*""会议"" + 0.040*""高度"" + 0.040*""熊市"""
去杠杆,5,"0.181*""地产"" + 0.117*""影响"" + 0.117*""杠杆"" + 0.098*""行业"" + 0.027*""调整"""
去杠杆,6,"0.069*""融资"" + 0.063*""下降"" + 0.063*""杠杆"" + 0.060*""社会"" + 0.006*""风险"""
去杠杆,7,"0.088*""运作"" + 0.065*""杠杆"" + 0.059*""市场"" + 0.045*""经济"" + 0.042*""处于"""
去杠杆,8,"0.069*""杠杆"" + 0.061*""北京"" + 0.050*""金融"" + 0.034*""债务"" + 0.032*""风险"""
去杠杆,9,"0.049*""公司"" + 0.047*""利润"" + 0.047*""能力"" + 0.046*""竞争"" + 0.046*""曲线"""
稳杠杆,0,"0.056*""杠杆"" + 0.056*""杭州湾"" + 0.056*""改革"" + 0.056*""解决问题"" + 0.056*""金融"""
稳杠杆,1,"0.092*""杠杆"" + 0.047*""加强"" + 0.047*""结构性"" + 0.047*""目标"" + 0.047*""试图"""
稳杠杆,2,"0.074*""压力"" + 0.074*""经济"" + 0.074*""下行"" + 0.074*""加大"" + 0.074*""预计"""
稳杠杆,3,"0.074*""汇率"" + 0.074*""监管"" + 0.074*""人民币"" + 0.074*""大盘"" + 0.074*""有序"""
稳杠杆,4,"0.118*""杠杆"" + 0.032*""经济"" + 0.032*""金融"" + 0.032*""货币政策"" + 0.032*""决心"""
稳杠杆,5,"0.125*""经济"" + 0.085*""国家"" + 0.085*""负债"" + 0.085*""敢于"" + 0.044*""实体"""
稳杠杆,6,"0.085*""杠杆"" + 0.044*""市场"" + 0.044*""房价"" + 0.044*""数据"" + 0.044*""个股"""
稳杠杆,7,"0.153*""货币政策"" + 0.153*""杠杆"" + 0.078*""核心"" + 0.078*""金融"" + 0.053*""中心"""
稳杠杆,8,"0.070*""杠杆"" + 0.070*""投资"" + 0.037*""经济"" + 0.037*""影响"" + 0.037*""市场"""
稳杠杆,9,"0.010*""杠杆"" + 0.010*""经济"" + 0.010*""金融"" + 0.010*""货币政策"" + 0.010*""市场"""
加杠杆,0,"0.055*""杠杆"" + 0.017*""经济"" + 0.017*""楼市"" + 0.011*""投资"" + 0.009*""市场"""
加杠杆,1,"0.098*""杠杆"" + 0.018*""断供"" + 0.014*""市场"" + 0.014*""居民"" + 0.011*""出现"""
加杠杆,2,"0.090*""杠杆"" + 0.019*""投资"" + 0.014*""风险"" + 0.010*""楼市"" + 0.010*""消费"""
加杠杆,3,"0.072*""杠杆"" + 0.009*""老师"" + 0.009*""股票"" + 0.009*""资金"" + 0.009*""机构"""
加杠杆,4,"0.069*""杠杆"" + 0.021*""居民"" + 0.016*""政府"" + 0.016*""银行"" + 0.014*""债务"""
加杠杆,5,"0.029*""市场"" + 0.018*""银行"" + 0.015*""公司"" + 0.015*""部门"" + 0.011*""杠杆"""
加杠杆,6,"0.066*""杠杆"" + 0.028*""居民"" + 0.015*""经济"" + 0.013*""没有"" + 0.010*""亏了"""
加杠杆,7,"0.086*""杠杆"" + 0.015*""居民"" + 0.015*""投资"" + 0.012*""可能"" + 0.012*""中国"""
加杠杆,8,"0.057*""杠杆"" + 0.022*""中国"" + 0.022*""投资"" + 0.017*""没有"" + 0.017*""市场"""
加杠杆,9,"0.019*""居民"" + 0.010*""杠杆"" + 0.010*""增长"" + 0.010*""债务"" + 0.010*""可能"""
杠杆,0,"0.116*""杠杆"" + 0.036*""中国"" + 0.027*""经济"" + 0.014*""资金"" + 0.010*""债务"""
杠杆,1,"0.062*""杠杆"" + 0.023*""楼市"" + 0.020*""断供"" + 0.019*""经济"" + 0.015*""资金"""
杠杆,2,"0.044*""杠杆"" + 0.024*""城市"" + 0.017*""金融机构"" + 0.016*""楼市"" + 0.014*""市场"""
杠杆,3,"0.053*""杠杆"" + 0.014*""比例"" + 0.014*""问题"" + 0.011*""放大"" + 0.011*""意味着"""
杠杆,4,"0.040*""杠杆"" + 0.032*""企业"" + 0.016*""风险"" + 0.015*""中国"" + 0.015*""债务"""
杠杆,5,"0.058*""杠杆"" + 0.026*""思维"" + 0.023*""道路"" + 0.022*""创造"" + 0.022*""金融"""
杠杆,6,"0.081*""杠杆"" + 0.033*""驱寒"" + 0.033*""食疗"" + 0.033*""生姜"" + 0.022*""功效"""
杠杆,7,"0.050*""杠杆"" + 0.029*""合约"" + 0.015*""美国"" + 0.012*""策略"" + 0.010*""中国"""
杠杆,8,"0.086*""杠杆"" + 0.019*""经济"" + 0.015*""中国"" + 0.013*""可能"" + 0.011*""投资"""
杠杆,9,"0.022*""杠杆原理"" + 0.018*""金融"" + 0.011*""市场"" + 0.009*""经济"" + 0.009*""罚单"""
缩表,0,"0.068*""加息"" + 0.062*""缩表"" + 0.034*""货币"" + 0.023*""量化"" + 0.023*""流动性"""
缩表,1,"0.055*""加息"" + 0.041*""资产"" + 0.034*""经济"" + 0.021*""缩表"" + 0.021*""负债表"""
缩表,2,"0.077*""缩表"" + 0.028*""美国"" + 0.028*""加息"" + 0.022*""国债"" + 0.022*""流动性"""
缩表,3,"0.100*""缩表"" + 0.049*""资产"" + 0.028*""市场"" + 0.021*""货币"" + 0.021*""泡沫"""
缩表,4,"0.045*""缩表"" + 0.030*""美国"" + 0.020*""资产"" + 0.020*""降准"" + 0.020*""紧缩"""
缩表,5,"0.066*""加息"" + 0.046*""缩表"" + 0.033*""美国"" + 0.033*""全球"" + 0.027*""紧缩"""
缩表,6,"0.068*""加息"" + 0.046*""缩表"" + 0.031*""美国"" + 0.031*""经济"" + 0.023*""市场"""
缩表,7,"0.036*""资产"" + 0.027*""缩表"" + 0.027*""收紧"" + 0.027*""来自"" + 0.027*""升级"""
缩表,8,"0.053*""经济"" + 0.019*""缩表"" + 0.019*""全球"" + 0.019*""利率"" + 0.019*""中国"""
缩表,9,"0.058*""缩表"" + 0.025*""资产"" + 0.025*""银行"" + 0.025*""全球"" + 0.025*""利率"""
资金链,0,"0.056*""资金"" + 0.016*""公司"" + 0.015*""集团"" + 0.015*""锤子"" + 0.014*""链断裂"""
资金链,1,"0.021*""资金"" + 0.016*""记者"" + 0.015*""单车"" + 0.015*""共享"" + 0.013*""链断裂"""
资金链,2,"0.063*""资金"" + 0.037*""公寓"" + 0.029*""链断裂"" + 0.021*""长租"" + 0.021*""公司"""
资金链,3,"0.075*""资金"" + 0.025*""押金"" + 0.016*""公司"" + 0.016*""单车"" + 0.014*""公寓"""
资金链,4,"0.035*""资金"" + 0.032*""公司"" + 0.019*""融资"" + 0.016*""科技"" + 0.015*""企业"""
资金链,5,"0.027*""资金"" + 0.023*""公寓"" + 0.018*""寓见"" + 0.013*""链断裂"" + 0.011*""裁员"""
资金链,6,"0.053*""资金"" + 0.021*""公司"" + 0.017*""链断裂"" + 0.009*""楼市"" + 0.009*""融资"""
资金链,7,"0.044*""资金"" + 0.041*""链断裂"" + 0.013*""没有"" + 0.011*""锤子"" + 0.011*""公寓"""
资金链,8,"0.021*""资金"" + 0.021*""便利店"" + 0.019*""邻家"" + 0.012*""锤子"" + 0.010*""镇江"""
资金链,9,"0.097*""资金"" + 0.023*""链断裂"" + 0.019*""融资"" + 0.017*""公司"" + 0.013*""裁员"""
债务违约,0,"0.090*""债务"" + 0.075*""违约"" + 0.022*""公司"" + 0.022*""利息"" + 0.019*""本金"""
债务违约,1,"0.029*""违约"" + 0.020*""桌子"" + 0.020*""凳子"" + 0.020*""评级"" + 0.020*""跌停"""
债务违约,2,"0.046*""债务"" + 0.046*""集团"" + 0.033*""违约"" + 0.014*""利息"" + 0.014*""债券"""
债务违约,3,"0.028*""下行"" + 0.019*""集团"" + 0.019*""投资"" + 0.019*""资产"" + 0.019*""管理"""
债务违约,4,"0.042*""违约"" + 0.042*""借款"" + 0.042*""民间"" + 0.042*""本金"" + 0.041*""借贷"""
债务违约,5,"0.040*""利息"" + 0.039*""借贷"" + 0.039*""本金"" + 0.039*""民间"" + 0.039*""借款"""
债务违约,6,"0.067*""违约"" + 0.049*""债务"" + 0.019*""包括"" + 0.013*""本金"" + 0.013*""民间"""
债务违约,7,"0.071*""违约"" + 0.036*""公司"" + 0.030*""债务"" + 0.024*""债券"" + 0.018*""企业"""
债务违约,8,"0.089*""债务"" + 0.037*""违约"" + 0.030*""利息"" + 0.030*""本金"" + 0.023*""借款"""
债务违约,9,"0.055*""债务"" + 0.037*""违约"" + 0.028*""可能"" + 0.019*""货币"" + 0.019*""凳子"""
债务,0,"0.066*""债务"" + 0.053*""夫妻"" + 0.020*""生活"" + 0.020*""没有"" + 0.018*""债权人"""
债务,1,"0.042*""投资"" + 0.024*""资本"" + 0.018*""加州"" + 0.015*""无法"" + 0.014*""集团"""
债务,2,"0.075*""债务"" + 0.058*""父亲"" + 0.053*""中国"" + 0.047*""美国"" + 0.019*""家庭"""
债务,3,"0.034*""父母"" + 0.024*""履行"" + 0.021*""司机"" + 0.021*""债务"" + 0.021*""普法"""
债务,4,"0.090*""债务"" + 0.018*""深圳"" + 0.018*""控股"" + 0.016*""借款"" + 0.016*""乐视"""
债务,5,"0.049*""债务"" + 0.039*""公司"" + 0.028*""政府"" + 0.026*""还清"" + 0.020*""地方"""
债务,6,"0.075*""债务"" + 0.032*""市场"" + 0.029*""政府"" + 0.025*""地方"" + 0.022*""企业"""
债务,7,"0.106*""债务"" + 0.038*""朋友"" + 0.037*""承担"" + 0.031*""限额"" + 0.031*""新增"""
债务,8,"0.068*""债务"" + 0.044*""大家"" + 0.031*""免除"" + 0.027*""公司"" + 0.022*""破产"""
债务,9,"0.058*""债务"" + 0.019*""变成"" + 0.017*""公司"" + 0.017*""问题"" + 0.016*""责任"""
质押,0,"0.110*""质押"" + 0.028*""股权"" + 0.027*""银行"" + 0.027*""贷款"" + 0.012*""存款"""
质押,1,"0.088*""质押"" + 0.037*""股权"" + 0.029*""公司"" + 0.020*""股东"" + 0.014*""股份"""
质押,2,"0.122*""质押"" + 0.055*""股权"" + 0.032*""公司"" + 0.026*""股份"" + 0.026*""兄弟"""
质押,3,"0.054*""质押"" + 0.032*""兄弟"" + 0.030*""股权"" + 0.022*""股东"" + 0.019*""股份"""
质押,4,"0.078*""质押"" + 0.031*""股权"" + 0.018*""资金"" + 0.015*""公司"" + 0.009*""生物"""
质押,5,"0.042*""质押"" + 0.031*""股东"" + 0.027*""股权"" + 0.017*""风险"" + 0.013*""诉讼"""
质押,6,"0.032*""公司"" + 0.030*""股权"" + 0.016*""企业"" + 0.013*""质押"" + 0.013*""融资"""
质押,7,"0.064*""质押"" + 0.030*""风险"" + 0.030*""融资"" + 0.024*""股权"" + 0.013*""没有"""
质押,8,"0.131*""质押"" + 0.033*""股份"" + 0.030*""股东"" + 0.027*""股权"" + 0.023*""风险"""
质押,9,"0.030*""股份"" + 0.029*""质押"" + 0.015*""公司"" + 0.011*""股权"" + 0.011*""证券"""
抵押品,0,"0.050*""银行"" + 0.026*""抵押品"" + 0.026*""贷款"" + 0.026*""信用"" + 0.026*""企业"""
抵押品,1,"0.034*""贷款"" + 0.034*""中国"" + 0.034*""纳入"" + 0.034*""机构"" + 0.034*""政策性"""
抵押品,2,"0.066*""抵押品"" + 0.034*""厂商"" + 0.034*""抵押"" + 0.034*""女性"" + 0.034*""商标"""
抵押品,3,"0.074*""货币"" + 0.050*""信用"" + 0.050*""抵押品"" + 0.026*""贷款"" + 0.026*""担保"""
抵押品,4,"0.041*""抵押品"" + 0.041*""企业"" + 0.041*""货币"" + 0.041*""债券"" + 0.041*""财富"""
抵押品,5,"0.066*""贷款"" + 0.053*""抵押品"" + 0.053*""企业"" + 0.027*""借条"" + 0.027*""担保"""
抵押品,6,"0.069*""中国"" + 0.047*""贷款"" + 0.047*""上市"" + 0.047*""农村"" + 0.047*""扶贫"""
抵押品,7,"0.046*""市场"" + 0.024*""担保"" + 0.024*""银行"" + 0.024*""预期"" + 0.024*""企业"""
抵押品,8,"0.057*""银行"" + 0.030*""系统"" + 0.030*""男子"" + 0.030*""聚焦"" + 0.030*""国际"""
抵押品,9,"0.023*""抵押品"" + 0.023*""信用"" + 0.023*""女士"" + 0.023*""评级"" + 0.023*""男子"""
借钱,0,"0.113*""借钱"" + 0.033*""借条"" + 0.028*""需要"" + 0.025*""人心"" + 0.023*""老板"""
借钱,1,"0.041*""贷款"" + 0.036*""借钱"" + 0.030*""冒充"" + 0.016*""借款"" + 0.015*""套路"""
借钱,2,"0.107*""借钱"" + 0.043*""起诉"" + 0.026*""失联"" + 0.024*""视频"" + 0.023*""网络"""
借钱,3,"0.063*""女孩"" + 0.054*""借钱"" + 0.023*""人性"" + 0.022*""时候"" + 0.021*""还有"""
借钱,4,"0.054*""朋友"" + 0.051*""微信"" + 0.047*""借钱"" + 0.039*""语音"" + 0.025*""搞笑"""
借钱,5,"0.052*""借钱"" + 0.021*""警方"" + 0.019*""可能"" + 0.014*""上海"" + 0.014*""感觉"""
借钱,6,"0.062*""借钱"" + 0.029*""法院"" + 0.027*""语音"" + 0.025*""电信"" + 0.022*""同学"""
借钱,7,"0.047*""男子"" + 0.043*""生活"" + 0.031*""女士"" + 0.028*""变声"" + 0.020*""诈骗"""
借钱,8,"0.157*""借钱"" + 0.053*""朋友"" + 0.019*""网友"" + 0.014*""组图"" + 0.014*""超话"""
借钱,9,"0.031*""借钱"" + 0.022*""女子"" + 0.021*""知道"" + 0.016*""拒绝"" + 0.015*""电话"""
还钱,0,"0.045*""执行"" + 0.028*""朋友"" + 0.017*""超话"" + 0.015*""电话"" + 0.013*""被执行人"""
还钱,1,"0.039*""视频"" + 0.018*""男子"" + 0.016*""儿子"" + 0.015*""女子"" + 0.014*""法院"""
还钱,2,"0.033*""执行"" + 0.031*""老赖"" + 0.028*""判决"" + 0.028*""计划"" + 0.016*""时候"""
还钱,3,"0.015*""男子"" + 0.012*""组图"" + 0.011*""还有"" + 0.011*""偿还"" + 0.011*""视频"""
还钱,4,"0.030*""视频"" + 0.016*""知道"" + 0.013*""还钱"" + 0.013*""看看"" + 0.012*""超话"""
还钱,5,"0.020*""贷款"" + 0.020*""公司"" + 0.014*""老赖"" + 0.013*""调查"" + 0.013*""判决"""
还钱,6,"0.026*""闺蜜"" + 0.016*""法院"" + 0.016*""抢劫"" + 0.013*""女子"" + 0.013*""头条"""
还钱,7,"0.031*""表白"" + 0.030*""像是"" + 0.029*""搞不好"" + 0.028*""总会"" + 0.025*""感觉"""
还钱,8,"0.022*""男子"" + 0.018*""银行"" + 0.016*""司机"" + 0.012*""不料"" + 0.012*""现场"""
还钱,9,"0.039*""出来"" + 0.025*""表示"" + 0.023*""男子"" + 0.022*""公司"" + 0.020*""公职人员"""
债权,0,"0.024*""债权人"" + 0.021*""投资"" + 0.016*""公司"" + 0.016*""破产"" + 0.013*""有限公司"""
债权,1,"0.039*""债权"" + 0.022*""债权人"" + 0.014*""律师"" + 0.012*""清偿"" + 0.012*""执行"""
债权,2,"0.043*""债权"" + 0.013*""融资"" + 0.012*""公证"" + 0.010*""法院"" + 0.010*""资本"""
债权,3,"0.025*""债权"" + 0.022*""债权人"" + 0.019*""江南"" + 0.016*""分配"" + 0.016*""皮革厂"""
债权,4,"0.052*""破产"" + 0.031*""债权人"" + 0.024*""押金"" + 0.021*""债权"" + 0.020*""清偿"""
债权,5,"0.032*""债权人"" + 0.017*""集团"" + 0.015*""银座"" + 0.014*""公司"" + 0.013*""深圳市"""
债权,6,"0.044*""债权"" + 0.035*""单车"" + 0.031*""破产"" + 0.016*""债权人"" + 0.014*""押金"""
债权,7,"0.024*""公司"" + 0.019*""执行"" + 0.019*""债权人"" + 0.014*""借款"" + 0.013*""法院"""
债权,8,"0.025*""公司"" + 0.015*""律师"" + 0.015*""债权"" + 0.011*""单车"" + 0.011*""清偿"""
债权,9,"0.026*""债权"" + 0.024*""公司"" + 0.021*""债权人"" + 0.019*""执行"" + 0.017*""破产"""
高端装备,0,"0.033*""高端"" + 0.024*""中国"" + 0.024*""发展"" + 0.024*""产业"" + 0.017*""制造"""
高端装备,1,"0.071*""装备"" + 0.056*""高端"" + 0.015*""制造业"" + 0.012*""产业"" + 0.012*""南昌"""
高端装备,2,"0.048*""高端"" + 0.033*""装备"" + 0.024*""智能"" + 0.023*""博会"" + 0.021*""发展"""
高端装备,3,"0.059*""产业"" + 0.039*""制造"" + 0.029*""智能"" + 0.026*""高端"" + 0.021*""发展"""
高端装备,4,"0.054*""装备"" + 0.038*""高端"" + 0.031*""项目"" + 0.031*""中国"" + 0.031*""企业"""
高端装备,5,"0.045*""装备"" + 0.017*""重点"" + 0.012*""高端"" + 0.012*""世界"" + 0.012*""领域"""
高端装备,6,"0.071*""高端"" + 0.049*""装备"" + 0.025*""项目"" + 0.019*""制造"" + 0.011*""技术"""
高端装备,7,"0.042*""装备"" + 0.025*""中国"" + 0.025*""企业"" + 0.021*""集体"" + 0.019*""有限公司"""
高端装备,8,"0.072*""装备"" + 0.031*""制造"" + 0.026*""高端"" + 0.023*""产业"" + 0.016*""企业"""
高端装备,9,"0.033*""机场"" + 0.030*""航空"" + 0.026*""制造"" + 0.026*""装备"" + 0.022*""高端"""
核心科技,0,"0.070*""科技"" + 0.020*""中国"" + 0.015*""核心"" + 0.013*""创新"" + 0.010*""金融"""
核心科技,1,"0.076*""核心"" + 0.039*""科技"" + 0.017*""中国"" + 0.011*""茅台"" + 0.011*""创新"""
核心科技,2,"0.030*""科技"" + 0.024*""核心"" + 0.015*""中国"" + 0.012*""发展"" + 0.009*""核心技术"""
核心科技,3,"0.071*""科技"" + 0.019*""中国"" + 0.011*""集团"" + 0.011*""核心"" + 0.009*""发展"""
核心科技,4,"0.042*""科技"" + 0.029*""创新"" + 0.021*""核心"" + 0.016*""公司"" + 0.016*""技术"""
核心科技,5,"0.037*""科技"" + 0.031*""企业"" + 0.021*""技术"" + 0.014*""发展"" + 0.010*""创新"""
核心科技,6,"0.062*""科技"" + 0.027*""核心"" + 0.025*""创新"" + 0.020*""发展"" + 0.013*""核心技术"""
核心科技,7,"0.016*""中国"" + 0.015*""创新"" + 0.014*""技术"" + 0.013*""发展"" + 0.012*""科技"""
核心科技,8,"0.052*""科技"" + 0.012*""发展"" + 0.011*""核心"" + 0.009*""核心技术"" + 0.009*""创新"""
核心科技,9,"0.056*""科技"" + 0.036*""核心"" + 0.033*""中国"" + 0.022*""创新"" + 0.011*""企业"""
核心技术,0,"0.058*""技术"" + 0.033*""核心"" + 0.025*""中国"" + 0.022*""区块"" + 0.022*""核心技术"""
核心技术,1,"0.021*""高铁"" + 0.021*""中国"" + 0.020*""北京"" + 0.011*""核心"" + 0.010*""检测"""
核心技术,2,"0.029*""区块"" + 0.021*""中国"" + 0.012*""技术"" + 0.012*""电动"" + 0.011*""应用"""
核心技术,3,"0.052*""中国"" + 0.036*""技术"" + 0.021*""企业"" + 0.021*""核心技术"" + 0.021*""核心"""
核心技术,4,"0.061*""中国"" + 0.030*""发展"" + 0.024*""美国"" + 0.023*""核心技术"" + 0.019*""企业"""
核心技术,5,"0.039*""技术"" + 0.027*""年份"" + 0.027*""古井"" + 0.027*""下品"" + 0.027*""原浆"""
核心技术,6,"0.051*""发展"" + 0.039*""技术"" + 0.030*""阶段"" + 0.028*""中国"" + 0.025*""核心"""
核心技术,7,"0.082*""核心技术"" + 0.038*""世界"" + 0.033*""科学家"" + 0.033*""中关村"" + 0.031*""市场"""
核心技术,8,"0.056*""技术"" + 0.032*""核心技术"" + 0.017*""经济"" + 0.016*""科技"" + 0.014*""核心"""
核心技术,9,"0.024*""协议"" + 0.019*""中国"" + 0.017*""大学"" + 0.016*""核心技术"" + 0.015*""自主"""
制造2025,0,"0.102*""中国"" + 0.046*""制造"" + 0.028*""发展"" + 0.028*""美国"" + 0.024*""工业"""
制造2025,1,"0.123*""中国"" + 0.057*""制造"" + 0.037*""美国"" + 0.017*""制造业"" + 0.010*""签证"""
制造2025,2,"0.097*""中国"" + 0.058*""制造"" + 0.029*""发展"" + 0.022*""工业"" + 0.022*""美国"""
制造2025,3,"0.084*""中国"" + 0.064*""制造"" + 0.024*""美国"" + 0.021*""发展"" + 0.015*""科技"""
制造2025,4,"0.093*""中国"" + 0.084*""制造"" + 0.023*""美国"" + 0.018*""制造业"" + 0.014*""文章"""
制造2025,5,"0.063*""中国"" + 0.044*""制造"" + 0.039*""美国"" + 0.025*""创新"" + 0.020*""公司"""
制造2025,6,"0.080*""制造"" + 0.072*""中国"" + 0.029*""企业"" + 0.019*""制造业"" + 0.016*""发展"""
制造2025,7,"0.075*""中国"" + 0.036*""美国"" + 0.017*""制造"" + 0.017*""产业"" + 0.017*""发展"""
制造2025,8,"0.048*""中国"" + 0.029*""制造"" + 0.024*""美国"" + 0.015*""发展"" + 0.015*""国际"""
制造2025,9,"0.084*""中国"" + 0.080*""制造"" + 0.036*""美国"" + 0.022*""制造业"" + 0.018*""贸易"""
高新技术,0,"0.049*""企业"" + 0.029*""高新技术"" + 0.015*""中国"" + 0.010*""重点"" + 0.009*""产业"""
高新技术,1,"0.021*""高新技术"" + 0.017*""企业"" + 0.016*""中国"" + 0.011*""是否"" + 0.009*""开发区"""
高新技术,2,"0.033*""高新技术"" + 0.020*""企业"" + 0.019*""开发区"" + 0.013*""项目"" + 0.012*""西安"""
高新技术,3,"0.044*""高新技术"" + 0.026*""企业"" + 0.026*""产业"" + 0.012*""建设"" + 0.011*""中国"""
高新技术,4,"0.057*""高新技术"" + 0.027*""创新"" + 0.023*""产业"" + 0.021*""中国"" + 0.021*""企业"""
高新技术,5,"0.059*""高新技术"" + 0.046*""企业"" + 0.029*""开发区"" + 0.016*""国家"" + 0.016*""产业"""
高新技术,6,"0.035*""企业"" + 0.025*""高新技术"" + 0.015*""科技"" + 0.014*""经济"" + 0.014*""创新"""
高新技术,7,"0.048*""产业"" + 0.036*""发展"" + 0.029*""企业"" + 0.026*""科技"" + 0.026*""高新技术"""
高新技术,8,"0.050*""企业"" + 0.028*""高新技术"" + 0.021*""司机"" + 0.017*""失控"" + 0.017*""公交车"""
高新技术,9,"0.035*""高新技术"" + 0.028*""发展"" + 0.014*""企业"" + 0.012*""西安"" + 0.009*""产业"""
科技,0,"0.101*""科技"" + 0.057*""大学"" + 0.032*""学院"" + 0.017*""工业"" + 0.015*""西南"""
科技,1,"0.107*""科技"" + 0.100*""视频"" + 0.047*""生活"" + 0.014*""设计"" + 0.013*""改变"""
科技,2,"0.042*""科技"" + 0.035*""创新"" + 0.030*""企业"" + 0.028*""中国"" + 0.021*""工作"""
科技,3,"0.091*""科技"" + 0.059*""强国"" + 0.057*""制造业"" + 0.018*""项目"" + 0.013*""自动"""
科技,4,"0.049*""科技"" + 0.032*""全球"" + 0.024*""发布会"" + 0.022*""互联网"" + 0.021*""金融"""
科技,5,"0.050*""科技"" + 0.025*""公司"" + 0.024*""没有"" + 0.021*""转发"" + 0.018*""关注"""
科技,6,"0.068*""科技"" + 0.043*""智能"" + 0.024*""体验"" + 0.021*""直播"" + 0.016*""纪录片"""
科技,7,"0.024*""人类"" + 0.023*""显示"" + 0.022*""科技"" + 0.020*""数据"" + 0.019*""进行"""
科技,8,"0.120*""超话"" + 0.088*""科技"" + 0.036*""手机"" + 0.024*""美国"" + 0.019*""锤子"""
科技,9,"0.036*""苹果"" + 0.030*""科技"" + 0.029*""系统"" + 0.023*""上海"" + 0.022*""可能"""
